Perfil_latente,Pedidos_mensuales,Gasto_promedio,Tiempo_promedio_entrega,Variedad_productos,Gasto_mensual_aprox,Indice_experiencia_logistica,Region,Canal,Metodo_pago,Edad,Segmento_edad,Antiguedad_meses,Satisfaccion_1a5,Tuvo_devolucion,Nivel_fidelidad,Riesgo_churn,Suscripcion
Basico,4,9.292250412063629,65.68395088658048,1,37.169001648254515,0.01845379056274449,Provincia,Tienda,Transferencia,32,26-35,20,1,1,Plata,Alto,0
Basico,1,8.779344266486875,42.664671900700036,4,8.779344266486875,0.023524227078413482,Provincia,Tienda,Transferencia,40,36-50,1,1,1,Bronce,Alto,0
Basico,3,8.39572998746703,35.21531724658678,2,25.187189962401092,0.025596142069024788,Lima,Web,Billetera,25,18-25,14,3,0,Plata,Medio,0
Basico,3,10.884914367126465,36.73120999946736,3,32.654743101379395,0.033362772492290776,Provincia,Web,Billetera,34,26-35,20,1,1,Plata,Alto,0
Basico,1,5.508227064464066,61.84215248235704,1,5.508227064464066,0.020855570294167024,Provincia,Tienda,Efectivo,49,36-50,14,1,0,Bronce,Alto,0
Basico,2,13.842818730000182,38.93182730083928,4,27.685637460000365,0.02917667651310822,Lima,Tienda,Efectivo,38,36-50,9,1,1,Bronce,Alto,0
Basico,1,8.00373310561162,38.50036485250729,2,8.00373310561162,0.027791051492254387,Lima,Web,Billetera,22,18-25,12,2,1,Bronce,Alto,0
Basico,1,12.165710456314425,37.23633724432938,1,12.165710456314425,0.02541732805966336,Lima,Web,Transferencia,30,26-35,6,2,0,Bronce,Medio,0
Basico,2,6.190004207818372,50.143529684141164,1,12.380008415636745,0.020797778249535392,Provincia,Web,Billetera,36,36-50,9,1,1,Bronce,Alto,0
Basico,2,12.006520391638654,42.04680583053065,3,24.013040783277308,0.022288493375547756,Lima,Web,Billetera,34,26-35,7,1,1,Bronce,Alto,0
Basico,1,12.015833823443494,48.46995186025896,4,12.015833823443494,0.024868932982231678,Provincia,Tienda,Efectivo,23,18-25,3,1,1,Bronce,Alto,0
Basico,0,11.15260621601769,49.711136757621524,2,0.0,0.023506480325789867,Lima,Web,Tarjeta,34,26-35,22,1,1,Plata,Alto,0
Basico,4,7.016714434600623,43.00260360775053,4,28.066857738402494,0.026317125043094358,Lima,App,Tarjeta,25,18-25,19,1,1,Plata,Medio,0
Basico,2,10.748644568794232,40.737421963277306,3,21.497289137588464,0.02398181116923857,Lima,App,Tarjeta,23,18-25,9,2,1,Bronce,Medio,0
Basico,1,6.450831445796833,45.46667076186709,2,6.450831445796833,0.024174043214937862,Provincia,Tienda,Efectivo,36,36-50,10,1,1,Bronce,Alto,0
Basico,3,9.241710234711444,51.633802209926706,5,27.725130704134333,0.021813176933822214,Provincia,Web,Transferencia,44,36-50,3,1,0,Bronce,Alto,0
Basico,2,13.08823930286598,50.32517524932417,1,26.17647860573196,0.02181696453682407,Provincia,Web,Transferencia,24,18-25,14,1,1,Bronce,Alto,0
Basico,6,12.390105781212226,40.09871149850364,2,74.34063468727335,0.023004430677419176,Lima,App,Transferencia,31,26-35,9,1,1,Plata,Alto,1
Basico,1,10.0455488276213,42.32851339179713,2,10.0455488276213,0.02551784497570574,Lima,Web,Billetera,29,26-35,7,2,0,Bronce,Medio,0
Basico,1,7.075580272231474,41.64463680303905,1,7.075580272231474,0.02236680549170329,Lima,App,Tarjeta,32,26-35,13,1,0,Bronce,Alto,0
Basico,2,11.93676313652258,41.47210669928002,1,23.87352627304516,0.02466689962493781,Lima,Web,Billetera,31,26-35,11,1,1,Bronce,Medio,0
Basico,2,10.058143713094076,40.810084049445535,3,20.11628742618815,0.02809744225623236,Provincia,Web,Tarjeta,25,18-25,2,1,1,Bronce,Alto,0
Basico,1,3.03905320530873,35.08258658600394,3,3.03905320530873,0.025651838193091275,Lima,Web,Transferencia,25,18-25,19,2,1,Plata,Medio,0
Basico,3,12.347889478949554,37.74159399277894,3,37.04366843684866,0.02414139037647761,Lima,Tienda,Efectivo,36,36-50,20,2,1,Plata,Medio,0
Basico,4,9.927301498390923,49.76742063479419,2,39.70920599356369,0.02195337681886899,Lima,App,Billetera,28,26-35,3,1,1,Bronce,Alto,0
Basico,1,13.607353743949217,32.75626477598951,3,13.607353743949217,0.024948631305028616,Lima,App,Transferencia,32,26-35,42,2,1,Oro,Medio,1
Basico,3,6.714188443471586,37.021543233460285,3,20.142565330414758,0.028609023735455638,Provincia,App,Tarjeta,18,18-25,1,1,1,Bronce,Alto,0
Basico,1,1.0,45.069910017240005,1,1.0,0.024222630145326572,Provincia,App,Efectivo,36,36-50,16,1,1,Bronce,Alto,0
Basico,4,10.837251575035555,46.990185659305254,1,43.34900630014222,0.024057383480028543,Provincia,App,Tarjeta,38,36-50,16,1,1,Plata,Alto,0
Basico,4,10.874691030045918,48.79355126629245,4,43.49876412018367,0.0238497343796256,Provincia,Web,Transferencia,31,26-35,17,1,1,Plata,Alto,0
Basico,2,4.927985117180644,40.10568041107845,1,9.855970234361289,0.02193013351669672,Lima,Web,Transferencia,35,26-35,27,2,1,Plata,Alto,0
Basico,0,7.064501362400181,59.0225298904768,2,0.0,0.021694507567897887,Provincia,Tienda,Efectivo,40,36-50,7,1,1,Bronce,Alto,0
Basico,0,18.265653231159703,42.23449848239137,3,0.0,0.026295759275491208,Lima,App,Billetera,26,26-35,10,2,1,Bronce,Alto,0
Basico,2,9.08316815753859,41.32663362666294,1,18.16633631507718,0.026371806862863882,Provincia,Web,Billetera,32,26-35,14,2,1,Bronce,Medio,0
Basico,2,12.192876929128648,48.64015270598501,1,24.385753858257296,0.027933736136787388,Provincia,Tienda,Efectivo,36,36-50,1,1,0,Bronce,Alto,0
Basico,2,8.048020517894848,47.40345988589923,4,16.096041035789696,0.022474900864386187,Provincia,App,Tarjeta,23,18-25,11,1,0,Bronce,Alto,0
Basico,1,3.72909130344053,52.19149962834579,5,3.72909130344053,0.020727922974455342,Lima,Web,Billetera,31,26-35,14,1,1,Bronce,Alto,0
Basico,5,9.489225259612283,40.75033309221318,1,47.446126298061415,0.025364879910154868,Provincia,Web,Transferencia,18,18-25,3,1,1,Bronce,Alto,0
Basico,4,9.203186319141684,41.70323446997508,1,36.81274527656674,0.025130144509832884,Provincia,Web,Transferencia,25,18-25,32,2,0,Oro,Medio,0
Basico,0,8.800365283994886,48.99085713225078,5,0.0,0.020689407134462157,Provincia,Web,Transferencia,42,36-50,13,1,1,Bronce,Alto,1
Basico,1,9.656077493480822,44.03646677695521,1,9.656077493480822,0.022973829290691458,Lima,App,Billetera,30,26-35,3,1,0,Bronce,Alto,0
Basico,2,10.79280481493691,40.67194051396819,2,21.58560962987382,0.023158237782789557,Lima,Web,Billetera,24,18-25,4,2,1,Bronce,Medio,0
Basico,2,9.54964914623858,31.794916117216122,1,19.09929829247716,0.02853440113396519,Lima,Web,Billetera,20,18-25,2,3,0,Bronce,Bajo,0
Basico,0,6.207981496157909,39.42189391867303,2,0.0,0.022525749008126976,Lima,App,Billetera,47,36-50,2,1,1,Bronce,Alto,0
Basico,2,11.458554374685816,41.43506487001157,2,22.917108749371632,0.027507048593732254,Provincia,Tienda,Efectivo,26,26-35,13,1,1,Bronce,Alto,0
Basico,2,4.1518847340327305,47.57362566054882,1,8.303769468065461,0.02830463789351536,Provincia,Web,Billetera,26,26-35,14,1,1,Bronce,Alto,0
Basico,3,3.8489276281473987,41.004394319281985,3,11.546782884442196,0.025467233247451763,Lima,Web,Tarjeta,35,26-35,15,2,1,Plata,Medio,0
Basico,1,12.217541484104704,49.099536039354746,3,12.217541484104704,0.02626668709373324,Provincia,Tienda,Efectivo,25,18-25,17,1,0,Bronce,Alto,0
Basico,0,11.52106081640607,37.53321247651307,3,0.0,0.02506768178318227,Lima,Web,Tarjeta,33,26-35,14,2,0,Bronce,Alto,0
Basico,2,9.827813904777893,28.56631485244558,1,19.655627809555785,0.029590095659688637,Lima,App,Billetera,27,26-35,32,3,1,Plata,Medio,1
Basico,2,5.813654485734784,55.81426383933826,1,11.627308971469567,0.021836882988772927,Provincia,Web,Tarjeta,21,18-25,19,1,0,Plata,Alto,0
Basico,1,7.876267177977774,56.66937717000831,2,7.876267177977774,0.021441544417888096,Provincia,Tienda,Efectivo,32,26-35,1,1,1,Bronce,Alto,0
Basico,3,9.211759756940488,22.15714535304395,1,27.635279270821464,0.031986399250695845,Lima,Web,Tarjeta,33,26-35,10,4,0,Bronce,Bajo,0
Basico,2,5.21231809427766,49.35061169570717,4,10.42463618855532,0.021790153012037055,Lima,Tienda,Efectivo,24,18-25,1,1,1,Bronce,Alto,0
Basico,3,7.782914025930301,36.41407626638446,4,23.348742077790902,0.02706553554116717,Lima,App,Transferencia,31,26-35,10,2,1,Bronce,Medio,0
Basico,2,11.95699101453004,42.70174880129523,1,23.91398202906008,0.02208242687454883,Lima,App,Tarjeta,33,26-35,1,1,0,Bronce,Alto,0
Basico,0,14.28191609286765,44.53837149107775,1,0.0,0.024595546204009666,Lima,Web,Billetera,22,18-25,8,2,0,Bronce,Alto,0
Basico,2,8.741695742024348,37.89379803362416,2,17.483391484048695,0.02430495259501421,Lima,Web,Billetera,34,26-35,9,1,1,Bronce,Alto,0
Basico,1,12.269465062948296,54.563726170731066,2,12.269465062948296,0.024953516743164983,Provincia,App,Billetera,29,26-35,1,1,1,Bronce,Alto,1
Basico,1,4.257819788237598,43.89774709725103,4,4.257819788237598,0.021249177062937247,Lima,Tienda,Efectivo,29,26-35,10,1,0,Bronce,Alto,0
Basico,3,11.978353723340835,30.35089607631442,1,35.93506117002251,0.0287339313189928,Lima,App,Billetera,25,18-25,6,3,0,Bronce,Bajo,0
Basico,1,7.588154755817557,48.94315949042094,1,7.588154755817557,0.02270704194312453,Provincia,App,Billetera,30,26-35,1,1,1,Bronce,Alto,0
Basico,4,10.92203685012391,55.09818110258822,2,43.68814740049564,0.021502300902612344,Provincia,Tienda,Efectivo,27,26-35,19,1,0,Plata,Alto,0
Basico,2,9.256742745280873,55.96692728723213,6,18.513485490561745,0.02243072810070275,Provincia,Web,Transferencia,35,26-35,7,1,0,Bronce,Alto,0
Basico,0,13.961242029351503,61.28953560194865,1,0.0,0.019002918907999662,Provincia,Tienda,Efectivo,26,26-35,21,1,1,Bronce,Alto,0
Basico,4,7.376693054980246,42.88141080904005,1,29.506772219920983,0.02607203910776644,Lima,App,Tarjeta,21,18-25,12,2,1,Plata,Medio,0
Basico,5,11.882818892685494,49.95354699811604,1,59.41409446342747,0.02184048733493574,Lima,App,Tarjeta,18,18-25,6,1,0,Bronce,Alto,0
Basico,2,9.1614776101104,43.949786100190046,1,18.3229552202208,0.02470993817564653,Provincia,Tienda,Efectivo,18,18-25,1,1,0,Bronce,Alto,1
Basico,0,9.52508356597101,53.75618828390131,1,0.0,0.02120124993891156,Provincia,Tienda,Efectivo,33,26-35,1,1,1,Bronce,Alto,0
Basico,0,9.44843832052237,53.69882229640868,1,0.0,0.024413135670208957,Provincia,Web,Transferencia,18,18-25,12,1,1,Bronce,Alto,0
Basico,1,7.462980686517661,37.300497436683095,1,7.462980686517661,0.025601231421238397,Lima,App,Tarjeta,30,26-35,14,2,1,Bronce,Medio,0
Basico,1,9.957703102279986,42.819779640010324,4,9.957703102279986,0.021039183767039355,Lima,Web,Billetera,29,26-35,2,2,0,Bronce,Alto,0
Basico,2,9.812055333634536,51.66380352834569,6,19.624110667269072,0.025945593441603857,Provincia,App,Billetera,42,36-50,1,1,0,Bronce,Alto,0
Basico,2,10.723720745220188,30.86819250377733,1,21.447441490440376,0.029466910116719078,Lima,Tienda,Tarjeta,37,36-50,17,3,1,Plata,Bajo,1
Basico,5,10.253515437078587,40.57449164834159,1,51.26757718539294,0.0260309793334716,Provincia,App,Tarjeta,31,26-35,17,1,1,Plata,Alto,0
Basico,1,12.39398364883671,50.22733167878048,1,12.39398364883671,0.022678223475439675,Provincia,Tienda,Tarjeta,27,26-35,2,1,0,Bronce,Alto,0
Basico,2,12.770525848142107,60.39101136613877,2,25.541051696284214,0.020850624687781642,Provincia,Web,Billetera,25,18-25,8,1,1,Bronce,Alto,0
Basico,4,6.848130034516597,44.75183877870216,1,27.392520138066388,0.024064118240592867,Lima,Web,Transferencia,27,26-35,15,2,0,Plata,Alto,0
Basico,1,12.606317501772313,45.25894980556222,5,12.606317501772313,0.02101238276401013,Lima,Tienda,Efectivo,32,26-35,1,2,0,Bronce,Medio,0
Basico,2,6.440990718670436,28.562930408058463,2,12.881981437340873,0.029231966281604058,Lima,App,Tarjeta,22,18-25,1,3,1,Bronce,Medio,0
Basico,1,11.763567664413205,50.09992860527612,2,11.763567664413205,0.025784039343461445,Provincia,Tienda,Efectivo,37,36-50,18,1,1,Bronce,Alto,0
Basico,4,11.859216354108606,42.467711089228665,1,47.43686541643442,0.02527989622117931,Lima,App,Tarjeta,24,18-25,1,1,1,Bronce,Medio,0
Basico,5,4.266049325012488,34.04005542898741,1,21.33024662506244,0.02473581967562229,Lima,Web,Transferencia,39,36-50,11,2,1,Plata,Medio,0
Basico,2,10.27893773958823,35.30431336452029,1,20.55787547917646,0.024142651040247855,Lima,Web,Tarjeta,23,18-25,11,2,1,Bronce,Medio,0
Basico,1,8.594511659919053,51.2420572470418,6,8.594511659919053,0.0224948828031748,Lima,Tienda,Efectivo,38,36-50,1,1,1,Bronce,Alto,0
Basico,3,7.723704226193875,43.452939059092685,2,23.171112678581625,0.02578917066622986,Provincia,App,Efectivo,42,36-50,20,1,1,Plata,Alto,0
Basico,2,14.052556992097017,43.887492753544485,1,28.105113984194034,0.02398360858416414,Provincia,Web,Tarjeta,44,36-50,1,1,0,Bronce,Alto,0
Basico,5,8.038962578087743,38.054545217863485,1,40.19481289043871,0.02452520096994416,Lima,Web,Tarjeta,23,18-25,13,2,0,Plata,Medio,0
Basico,5,7.580869212645851,36.44644638567979,4,37.904346063229255,0.02749477219309428,Provincia,App,Billetera,36,36-50,5,3,1,Bronce,Medio,0
Basico,5,10.22708482001528,39.9120165971769,1,51.1354241000764,0.024733088819125247,Provincia,App,Transferencia,18,18-25,11,1,1,Plata,Alto,1
Basico,1,12.05676923889525,44.69186212453604,4,12.05676923889525,0.024825167300488473,Provincia,Web,Billetera,18,18-25,8,1,0,Bronce,Alto,0
Basico,0,9.57505424196962,53.43561035777675,1,0.0,0.024891351010799007,Provincia,App,Tarjeta,32,26-35,1,1,1,Bronce,Alto,0
Basico,1,13.499111637007756,46.89528410595859,3,13.499111637007756,0.024296142404901803,Provincia,Web,Tarjeta,34,26-35,7,1,0,Bronce,Alto,0
Basico,2,11.592926985892271,43.417079204486456,2,23.185853971784542,0.024167217208181,Lima,Tienda,Tarjeta,37,36-50,15,1,1,Bronce,Alto,0
Basico,1,3.4653660408057085,42.97705657840061,2,3.4653660408057085,0.025747631328891806,Provincia,Tienda,Efectivo,28,26-35,8,1,1,Bronce,Alto,0
Basico,0,8.411599109478974,60.78871402974541,3,0.0,0.021113271708980686,Provincia,Web,Tarjeta,21,18-25,5,1,0,Bronce,Alto,1
Basico,2,8.314473701944904,32.091270137126116,1,16.628947403889807,0.028447400462439505,Lima,Web,Tarjeta,18,18-25,1,3,0,Bronce,Medio,0
Basico,2,11.438082860288267,41.63336210129411,1,22.876165720576534,0.02674143610877892,Lima,App,Transferencia,20,18-25,1,2,1,Bronce,Medio,0
Basico,1,2.1255488308776647,59.91547668756683,1,2.1255488308776647,0.018214996592408376,Lima,Web,Billetera,35,26-35,3,1,1,Bronce,Alto,0
Basico,0,17.647029126153164,37.614572610895145,2,0.0,0.027925126862186192,Lima,Tienda,Efectivo,39,36-50,18,3,0,Bronce,Medio,0
Basico,3,11.59307828468263,30.226210273861845,1,34.779234854047886,0.02921309279718532,Lima,App,Efectivo,29,26-35,6,4,0,Bronce,Bajo,0
Basico,3,10.446630411753073,54.395899933368156,1,31.33989123525922,0.022385194534408376,Provincia,Web,Transferencia,32,26-35,15,1,1,Plata,Alto,1
Basico,1,13.544703149257439,27.525258497040923,1,13.544703149257439,0.032664366315135404,Lima,Tienda,Efectivo,46,36-50,2,3,1,Bronce,Bajo,0
Basico,0,17.030962158437873,34.592202957921536,3,0.0,0.025110719155855856,Lima,Web,Efectivo,41,36-50,1,2,0,Bronce,Medio,0
Basico,0,12.61223993376521,51.796128026229894,6,0.0,0.019331469597483195,Provincia,Web,Billetera,38,36-50,20,1,1,Bronce,Alto,0
Basico,4,12.84643928941486,46.16831497753073,2,51.38575715765944,0.03005230267665802,Provincia,App,Billetera,36,36-50,2,1,0,Bronce,Alto,0
Basico,1,10.392070073393146,24.374447830331345,1,10.392070073393146,0.03216449946953388,Lima,Web,Billetera,33,26-35,19,3,1,Plata,Medio,0
Basico,3,9.575422739899155,37.278877124926424,1,28.726268219697467,0.02984709869462992,Lima,App,Transferencia,31,26-35,8,3,1,Bronce,Medio,0
Basico,4,8.572613667985296,50.25003909638931,3,34.290454671941184,0.021981984609159223,Provincia,Web,Transferencia,24,18-25,24,1,1,Plata,Alto,0
Basico,1,7.521664024856374,47.37163030008437,3,7.521664024856374,0.021448234741250117,Provincia,Web,Billetera,33,26-35,42,1,1,Oro,Alto,0
Basico,1,7.938957700901508,42.08979800372578,4,7.938957700901508,0.026016560675379403,Lima,Tienda,Efectivo,27,26-35,14,1,0,Bronce,Alto,0
Basico,0,5.94833210697105,48.51303268328663,2,0.0,0.022514377784090635,Provincia,App,Billetera,37,36-50,1,1,1,Bronce,Alto,0
Basico,0,9.77238564794493,59.665589301698965,1,0.0,0.02085450211385417,Provincia,Web,Transferencia,35,26-35,15,1,0,Bronce,Alto,0
Basico,0,4.9459972683208395,57.16868512769465,2,0.0,0.02002533923435737,Provincia,Web,Billetera,27,26-35,14,1,0,Bronce,Alto,0
Basico,3,10.572749572431132,34.607159022250904,3,31.718248717293395,0.02514564129498132,Lima,App,Tarjeta,33,26-35,1,1,1,Bronce,Alto,0
Basico,2,9.891008175872974,35.03090047601549,2,19.78201635174595,0.03390676291222203,Lima,Web,Tarjeta,39,36-50,3,2,0,Bronce,Medio,0
Basico,2,10.440805895160063,30.217896443155553,1,20.881611790320125,0.02710349889872127,Lima,App,Transferencia,20,18-25,6,3,0,Bronce,Medio,0
Basico,1,8.433605289940022,31.426127077144386,2,8.433605289940022,0.02572944320657496,Lima,App,Transferencia,25,18-25,14,1,1,Bronce,Alto,1
Basico,2,19.23058111054151,36.02344258537358,2,38.46116222108302,0.025185550756594705,Lima,App,Tarjeta,19,18-25,1,1,1,Bronce,Alto,0
Basico,2,14.080347700540939,39.780342268234655,1,28.160695401081878,0.02496211811674645,Lima,App,Transferencia,27,26-35,1,2,1,Bronce,Medio,0
Basico,0,6.266372499745832,59.04415745230316,1,0.0,0.021461772949380873,Provincia,Tienda,Tarjeta,43,36-50,1,1,1,Bronce,Alto,0
Basico,1,10.698604262280694,49.947603077970335,4,10.698604262280694,0.021109452833760374,Lima,App,Transferencia,27,26-35,1,1,1,Bronce,Alto,0
Basico,3,8.175981571188029,40.520838305244624,2,24.527944713564086,0.024911792493060945,Lima,Tienda,Efectivo,37,36-50,16,2,0,Plata,Medio,0
Basico,4,6.956560819877758,56.65704802294541,4,27.826243279511033,0.02150888049676766,Provincia,Web,Tarjeta,26,26-35,11,1,0,Bronce,Alto,0
Basico,3,5.979783786628195,41.1325984736106,1,17.939351359884583,0.02337087101621718,Lima,Web,Transferencia,37,36-50,18,2,1,Plata,Medio,0
Basico,0,11.296650072277762,43.62230147609868,1,0.0,0.024199873610923912,Lima,Web,Tarjeta,29,26-35,3,1,0,Bronce,Alto,0
Basico,0,7.955859294791278,55.35001356794064,3,0.0,0.021962228102067605,Provincia,Tienda,Efectivo,38,36-50,3,1,0,Bronce,Alto,0
Basico,0,12.903478072075613,42.04271770241363,2,0.0,0.02417721302902059,Provincia,Tienda,Efectivo,39,36-50,13,1,1,Bronce,Alto,1
Basico,1,12.981346643591317,62.39464063507094,1,12.981346643591317,0.019497336863300102,Provincia,Tienda,Efectivo,24,18-25,19,1,1,Plata,Alto,0
Basico,2,14.121743155634348,35.06993369758071,1,28.243486311268697,0.029578846767171253,Lima,Tienda,Tarjeta,27,26-35,20,3,0,Plata,Medio,0
Basico,2,7.4428397017776895,42.09926652146413,1,14.885679403555379,0.026025302238194145,Provincia,App,Transferencia,24,18-25,1,1,1,Bronce,Alto,0
Basico,5,11.42609683207603,38.46249829591483,1,57.13048416038015,0.0247724615252449,Lima,Tienda,Efectivo,46,36-50,19,3,0,Plata,Medio,0
Basico,1,11.897362649926903,46.6950275977,1,11.897362649926903,0.0231496145839069,Provincia,Tienda,Tarjeta,43,36-50,25,1,1,Plata,Alto,0
Basico,3,8.577465474688106,43.735636442999336,3,25.73239642406432,0.021123873538808353,Lima,App,Tarjeta,28,26-35,14,3,0,Plata,Medio,1
Basico,4,7.684684127821375,50.87824015178572,4,30.7387365112855,0.024463032064955738,Provincia,Tienda,Efectivo,54,51+,22,2,0,Plata,Medio,1
Basico,2,14.828561997327919,37.525403233636055,1,29.657123994655837,0.02950822905727826,Lima,Web,Tarjeta,20,18-25,15,2,1,Bronce,Medio,0
Basico,3,10.682487627196162,56.07431392317009,3,32.04746288158849,0.022117743172991672,Provincia,Tienda,Efectivo,30,26-35,1,1,1,Bronce,Alto,0
Basico,2,11.907903252135213,52.0190508983626,1,23.815806504270427,0.0223339945189011,Provincia,Tienda,Efectivo,41,36-50,19,1,1,Plata,Alto,0
Basico,1,7.533771964516218,32.701889590916544,3,7.533771964516218,0.031958370563130625,Lima,Tienda,Tarjeta,32,26-35,14,3,0,Bronce,Bajo,0
Basico,4,6.342146600433418,44.27186438133711,1,25.368586401733673,0.0244015642453861,Lima,Tienda,Efectivo,25,18-25,1,2,0,Bronce,Medio,0
Basico,1,8.29165067652367,40.12586612594585,2,8.29165067652367,0.030257835323656324,Provincia,App,Billetera,30,26-35,4,3,0,Bronce,Medio,0
Basico,3,9.627935837830009,34.75388500150053,3,28.883807513490027,0.026541571277967076,Lima,App,Billetera,48,36-50,14,1,1,Plata,Alto,0
Basico,1,6.807339979547954,31.611530970394835,2,6.807339979547954,0.02740780637346762,Lima,App,Tarjeta,20,18-25,34,2,1,Plata,Medio,1
Basico,1,9.97046557404885,49.40982910948411,1,9.97046557404885,0.022199369948473907,Provincia,App,Tarjeta,21,18-25,28,1,0,Plata,Alto,0
Basico,3,4.9344844357945,50.24124509402449,1,14.803453307383501,0.02404762341079148,Provincia,Web,Transferencia,21,18-25,1,1,1,Bronce,Alto,1
Basico,0,6.639857732590383,31.551106924694803,2,0.0,0.028925104086534106,Lima,Web,Tarjeta,27,26-35,10,2,1,Bronce,Alto,0
Basico,1,12.012733744830626,53.64658647568791,1,12.012733744830626,0.02202627170506378,Lima,Web,Tarjeta,39,36-50,25,1,0,Plata,Alto,0
Basico,1,11.811371560833683,37.368905963354365,2,11.811371560833683,0.02955871421888736,Lima,Web,Tarjeta,43,36-50,6,2,0,Bronce,Medio,0
Basico,0,8.824369703839402,34.98536864673762,2,0.0,0.02344634607611232,Lima,Tienda,Tarjeta,22,18-25,5,2,1,Bronce,Medio,0
Basico,1,6.946707072769141,34.678202916829285,3,6.946707072769141,0.027078295275687395,Lima,Web,Transferencia,35,26-35,5,1,1,Bronce,Alto,0
Basico,2,6.917789345421967,45.41330623348577,5,13.835578690843935,0.025528689857042663,Provincia,Web,Transferencia,36,36-50,18,1,0,Plata,Alto,0
Basico,0,8.880195262176057,48.53946982714725,2,0.0,0.02297722644313109,Provincia,App,Tarjeta,22,18-25,14,1,1,Bronce,Alto,0
Basico,3,33.399982760451756,45.11075175174324,2,100.19994828135526,0.02293196816822292,Lima,App,Transferencia,33,26-35,15,1,1,Plata,Alto,0
Basico,4,12.784737074032973,51.8949411830444,1,51.13894829613189,0.020971023231537846,Provincia,Web,Transferencia,33,26-35,8,1,0,Bronce,Alto,0
Basico,4,8.510404793554093,34.83911035030826,4,34.04161917421637,0.02463737995752657,Lima,Web,Transferencia,39,36-50,27,1,1,Plata,Alto,1
Basico,1,6.539522722045648,37.97611917380062,2,6.539522722045648,0.02351156824649278,Lima,Web,Billetera,18,18-25,7,1,1,Bronce,Alto,0
Basico,1,10.803530913599,32.95046158036422,2,10.803530913599,0.025765683062654237,Lima,Web,Billetera,32,26-35,19,2,1,Plata,Medio,1
Basico,0,7.529395088122452,39.72891676821151,1,0.0,0.023860682582620616,Lima,App,Transferencia,34,26-35,1,1,1,Bronce,Alto,1
Basico,0,8.445242083416392,45.45025875703449,1,0.0,0.023149525201918927,Lima,App,Billetera,35,26-35,10,1,0,Bronce,Alto,0
Basico,4,13.975828271311112,48.40589067030796,1,55.90331308524445,0.02468620698079378,Provincia,Tienda,Tarjeta,38,36-50,5,1,1,Bronce,Alto,0
Basico,2,12.481346285697304,38.22420797786668,1,24.96269257139461,0.03126832364850668,Provincia,App,Transferencia,18,18-25,11,1,1,Bronce,Alto,0
Basico,1,10.473922936754356,51.49488309232599,2,10.473922936754356,0.023442616452693216,Provincia,Web,Billetera,41,36-50,1,1,0,Bronce,Alto,0
Basico,1,6.1842429966618315,48.33611292422202,3,6.1842429966618315,0.02335204207813749,Lima,Tienda,Efectivo,38,36-50,26,1,0,Plata,Alto,1
Basico,3,10.634189702411977,30.476382656811097,3,31.90256910723593,0.026596358223283694,Lima,App,Tarjeta,27,26-35,12,4,0,Bronce,Bajo,0
Basico,4,13.18797187236258,38.96981299813519,4,52.75188748945032,0.02892006840799501,Provincia,Web,Tarjeta,30,26-35,32,2,0,Oro,Medio,0
Basico,4,8.873099002703393,44.85290602760012,3,35.49239601081357,0.020669956382163273,Lima,Web,Efectivo,44,36-50,18,1,1,Plata,Alto,0
Basico,3,14.053342269960146,47.773286646441576,1,42.160026809880435,0.02301113200897451,Provincia,Web,Transferencia,36,36-50,13,1,1,Bronce,Alto,0
Basico,2,13.878235868554622,52.733541189945925,3,27.756471737109244,0.025091209780937818,Provincia,App,Billetera,28,26-35,10,1,0,Bronce,Alto,1
Basico,2,14.991198496430421,40.85453253666168,1,29.982396992860842,0.02831671119107893,Provincia,Tienda,Tarjeta,25,18-25,17,1,1,Plata,Alto,0
Basico,0,10.915729379594058,34.81115225720942,2,0.0,0.027106936915925563,Lima,App,Billetera,25,18-25,18,3,0,Bronce,Bajo,0
Basico,4,11.762175099418037,55.781563504469254,1,47.04870039767215,0.02104689265230666,Provincia,Web,Tarjeta,23,18-25,15,1,1,Plata,Alto,0
Basico,2,14.24256186499327,45.00180682939828,1,28.48512372998654,0.023987540082391217,Provincia,Web,Billetera,18,18-25,33,1,0,Plata,Alto,0
Basico,5,11.342181811206927,53.71011383896643,1,56.71090905603464,0.026145797298666826,Provincia,App,Billetera,29,26-35,22,1,1,Plata,Alto,0
Basico,2,8.496297676629363,47.78158457686356,4,16.992595353258725,0.022962931821148145,Provincia,App,Tarjeta,18,18-25,4,1,1,Bronce,Alto,0
Basico,0,8.654371490416416,29.735425748091465,1,0.0,0.02707971605780994,Lima,App,Tarjeta,22,18-25,2,3,0,Bronce,Bajo,0
Basico,3,10.715664861321217,47.53593411740281,2,32.146994583963654,0.020616764891022002,Lima,Web,Tarjeta,28,26-35,14,1,1,Plata,Alto,0
Basico,5,6.128315734161344,60.29709292147596,2,30.64157867080672,0.020936268821838452,Provincia,App,Billetera,18,18-25,12,1,1,Plata,Alto,0
Basico,1,9.570223253907422,35.862890128959194,1,9.570223253907422,0.025861759308413772,Lima,Tienda,Efectivo,40,36-50,13,2,0,Bronce,Alto,0
Basico,0,13.289641354690762,42.81975193190144,3,0.0,0.026415439100584526,Lima,App,Billetera,26,26-35,1,1,1,Bronce,Alto,0
Basico,8,3.426238446504157,20.065434191908402,4,27.409907572033255,0.035830306798640195,Lima,Tienda,Tarjeta,18,18-25,19,4,0,Plata,Bajo,1
Basico,1,14.603446305383546,31.492863240356,1,14.603446305383546,0.02976890741695834,Lima,Tienda,Transferencia,39,36-50,6,3,0,Bronce,Medio,0
Basico,2,13.36712265610948,37.38685999734956,2,26.73424531221896,0.02915226570534765,Provincia,Web,Tarjeta,44,36-50,32,2,0,Plata,Medio,1
Basico,3,8.620706152508571,41.186135738471386,2,25.862118457525714,0.02399465300948461,Provincia,Web,Tarjeta,31,26-35,12,1,0,Bronce,Medio,1
Basico,4,11.630172483615429,35.63671635813822,5,46.520689934461714,0.0254008047092805,Lima,App,Tarjeta,32,26-35,9,2,0,Bronce,Medio,0
Basico,3,10.00944318071898,34.28109063740856,2,30.02832954215694,0.029177212047768613,Provincia,Tienda,Efectivo,35,26-35,15,1,1,Plata,Alto,1
Basico,0,13.689971105316049,52.37842309422133,2,0.0,0.02525623728948231,Provincia,Web,Tarjeta,35,26-35,3,1,1,Bronce,Alto,0
Basico,0,12.948049428309822,49.45625926163941,4,0.0,0.02297441174395535,Provincia,Tienda,Efectivo,28,26-35,27,1,1,Plata,Alto,0
Basico,3,5.799787830450972,43.86096582178133,1,17.399363491352915,0.022915178886964083,Lima,Web,Tarjeta,24,18-25,34,1,1,Oro,Alto,0
Basico,1,11.76178724039253,39.20719221673429,4,11.76178724039253,0.031744370360868135,Provincia,Tienda,Efectivo,24,18-25,17,2,0,Bronce,Medio,0
Basico,2,9.383116439070257,46.41319768096275,3,18.766232878140514,0.024777815717402563,Provincia,Web,Transferencia,31,26-35,17,1,0,Plata,Alto,0
Basico,3,10.2484977115543,31.354597509035965,6,30.7454931346629,0.02933988533919221,Lima,Tienda,Tarjeta,37,36-50,4,2,1,Bronce,Medio,0
Basico,5,7.815484297090554,48.24847053007196,1,39.07742148545277,0.02197384767828107,Provincia,App,Tarjeta,32,26-35,10,1,0,Plata,Alto,0
Basico,2,15.244411207362507,59.86738561458237,3,30.488822414725014,0.02226143594854461,Provincia,Web,Billetera,27,26-35,15,1,0,Bronce,Alto,0
Basico,3,13.120185459707727,44.818925885868936,1,39.36055637912318,0.027389858357322723,Provincia,Web,Tarjeta,28,26-35,1,1,1,Bronce,Alto,0
Basico,2,7.780686508081098,45.39516868718015,1,15.561373016162197,0.026903580321012897,Provincia,Web,Tarjeta,28,26-35,26,1,0,Plata,Alto,0
Basico,0,5.9961681792693025,50.65442967744253,2,0.0,0.02584402399011304,Provincia,Web,Billetera,26,26-35,1,1,1,Bronce,Alto,0
Basico,0,8.842982107066454,34.474344882455256,2,0.0,0.033629233567036156,Lima,Web,Tarjeta,18,18-25,1,3,0,Bronce,Medio,0
Basico,1,11.303507938273917,54.09467952431395,1,11.303507938273917,0.023430265429326965,Provincia,App,Transferencia,25,18-25,27,1,0,Plata,Alto,0
Basico,1,10.72061753183867,43.776893793118695,2,10.72061753183867,0.025229731038977223,Lima,Web,Tarjeta,28,26-35,18,1,1,Bronce,Alto,0
Basico,3,13.75939847430473,42.994229572039416,3,41.27819542291419,0.02180983440329205,Lima,Web,Tarjeta,30,26-35,1,1,0,Bronce,Alto,0
Basico,1,12.369759166542558,37.41176970818094,2,12.369759166542558,0.028162704123402046,Lima,App,Billetera,23,18-25,12,2,1,Bronce,Alto,1
Basico,0,12.90870707725872,37.80300086035843,2,0.0,0.026382171697907884,Lima,Tienda,Efectivo,34,26-35,12,1,1,Bronce,Alto,0
Basico,1,10.980566201831312,26.963333805519916,4,10.980566201831312,0.02987984682249045,Lima,App,Efectivo,49,36-50,11,4,0,Bronce,Bajo,0
Basico,1,5.832103809367029,36.21154919582288,1,5.832103809367029,0.02779434074774432,Lima,App,Billetera,33,26-35,1,4,0,Bronce,Bajo,0
Basico,0,9.412904406559296,29.68908586725301,1,0.0,0.02849807451162876,Lima,Web,Tarjeta,26,26-35,13,3,0,Bronce,Bajo,0
Basico,1,13.180269219725997,50.765038123881446,3,13.180269219725997,0.02174864859172675,Lima,Tienda,Efectivo,30,26-35,22,1,0,Plata,Alto,0
Basico,2,9.845431214426062,38.30104426512183,2,19.690862428852125,0.026660488005264688,Provincia,Web,Billetera,29,26-35,1,1,1,Bronce,Alto,0
Basico,0,11.50927110587124,35.77852447066331,5,0.0,0.024026403042709928,Lima,Tienda,Efectivo,33,26-35,5,3,0,Bronce,Medio,0
Basico,2,9.0437550542616,33.02911723677421,3,18.0875101085232,0.025577944539851502,Lima,Web,Tarjeta,30,26-35,1,2,1,Bronce,Alto,0
Basico,2,6.910564454374465,47.57466447514768,7,13.82112890874893,0.028857802128774347,Provincia,Tienda,Efectivo,28,26-35,2,1,1,Bronce,Alto,0
Basico,3,9.629967807861668,39.86002408043547,1,28.889903423585004,0.024901329797868025,Lima,App,Tarjeta,23,18-25,14,2,0,Plata,Medio,0
Basico,1,10.927142329097961,53.92739825830559,4,10.927142329097961,0.02272958873840629,Provincia,Tienda,Efectivo,37,36-50,1,1,1,Bronce,Alto,0
Basico,2,8.032936841615669,44.204466283022285,1,16.065873683231338,0.028603134707166182,Provincia,Web,Billetera,28,26-35,27,1,0,Plata,Alto,0
Basico,2,9.292866265429994,39.94905869879221,2,18.58573253085999,0.022199744264025757,Lima,Web,Tarjeta,35,26-35,11,1,1,Bronce,Alto,1
Basico,3,7.181610274042052,48.381722928315995,4,21.54483082212616,0.027209851199310908,Provincia,App,Tarjeta,25,18-25,6,1,1,Bronce,Alto,0
Basico,1,13.357734752692288,39.84586566499553,2,13.357734752692288,0.02591675306673565,Provincia,Tienda,Efectivo,18,18-25,1,1,1,Bronce,Alto,0
Basico,2,9.116632727235897,47.33904550063777,1,18.233265454471795,0.022907714915559402,Lima,Web,Billetera,22,18-25,11,1,1,Bronce,Alto,0
Basico,1,14.358266635378548,42.07259119395906,2,14.358266635378548,0.026537292614005472,Provincia,Tienda,Efectivo,19,18-25,11,1,1,Bronce,Alto,1
Basico,0,14.586243551622726,44.83275941530977,2,0.0,0.024278990287212338,Provincia,App,Tarjeta,29,26-35,1,1,1,Bronce,Alto,1
Basico,1,9.756862105834768,42.823282095364014,1,9.756862105834768,0.025363621851400613,Provincia,App,Transferencia,18,18-25,1,1,0,Bronce,Alto,0
Basico,1,6.974653802357951,53.049558759669075,1,6.974653802357951,0.02401142557743058,Provincia,App,Transferencia,23,18-25,27,1,0,Plata,Alto,1
Basico,5,3.7423063667999887,31.69057141481058,3,18.711531833999942,0.034368625780266185,Lima,Web,Transferencia,27,26-35,6,2,1,Bronce,Medio,0
Basico,3,5.583888780919626,37.87648797550075,1,16.751666342758877,0.03139560602757127,Provincia,Tienda,Transferencia,30,26-35,10,1,1,Bronce,Alto,1
Basico,0,5.87849552530402,44.098130080986515,1,0.0,0.022686110311304564,Provincia,Web,Tarjeta,37,36-50,16,1,1,Bronce,Alto,0
Basico,1,14.135408882384514,60.15431066881782,1,14.135408882384514,0.02165162631511046,Provincia,App,Tarjeta,35,26-35,8,1,1,Bronce,Alto,0
Basico,2,10.347473761680838,30.82511829333714,2,20.694947523361677,0.027436674009071797,Lima,Web,Tarjeta,24,18-25,24,2,1,Plata,Medio,0
Basico,3,11.168813572275964,44.788319069249255,1,33.50644071682789,0.025138350015937866,Provincia,Web,Billetera,30,26-35,3,1,1,Bronce,Alto,0
Basico,1,3.3387369731946226,41.81256359122248,1,3.3387369731946226,0.023544038837030205,Provincia,App,Tarjeta,24,18-25,6,1,0,Bronce,Alto,0
Basico,1,6.406100712348215,48.40396629792699,1,6.406100712348215,0.022489048279072506,Provincia,Tienda,Efectivo,35,26-35,6,1,1,Bronce,Alto,0
Basico,1,12.661239329338862,41.16411068451793,3,12.661239329338862,0.03240271269064701,Provincia,App,Billetera,26,26-35,2,1,1,Bronce,Alto,0
Basico,1,10.860322337147759,48.15011506850633,3,10.860322337147759,0.02734496862898019,Provincia,Tienda,Tarjeta,36,36-50,1,1,0,Bronce,Alto,0
Basico,3,9.558384163943208,36.06967388889726,1,28.67515249182962,0.025421292397632557,Lima,Web,Billetera,21,18-25,10,3,0,Bronce,Medio,0
Basico,4,11.694527075800368,57.98315399559969,2,46.77810830320147,0.02246398411900661,Provincia,App,Tarjeta,29,26-35,23,1,1,Plata,Alto,1
Basico,1,14.907393418407445,55.04599847085469,3,14.907393418407445,0.018694330939880925,Lima,Tienda,Efectivo,21,18-25,1,1,0,Bronce,Alto,0
Basico,3,9.336872609388848,34.04194340594606,5,28.010617828166545,0.025087825347867788,Lima,Web,Billetera,24,18-25,8,1,1,Bronce,Medio,0
Basico,2,10.208109407974208,29.879533255836282,3,20.416218815948415,0.029441975038985456,Lima,Web,Billetera,31,26-35,18,3,0,Plata,Medio,0
Basico,2,10.577790756193915,53.226676496946915,1,21.15558151238783,0.02324968231693018,Provincia,Web,Billetera,18,18-25,30,1,0,Plata,Alto,0
Basico,0,17.176328905821975,50.698664332750695,3,0.0,0.021006206117611143,Provincia,App,Transferencia,18,18-25,19,1,1,Bronce,Alto,0
Basico,2,3.7019312067429233,38.10147153011696,2,7.403862413485847,0.024073141557975627,Lima,Tienda,Transferencia,23,18-25,8,2,0,Bronce,Medio,1
Basico,1,12.049669044366425,38.82410499401874,1,12.049669044366425,0.027422235338339533,Lima,Web,Billetera,22,18-25,4,3,0,Bronce,Bajo,0
Basico,1,9.65559325372281,54.16793168283773,2,9.65559325372281,0.021838843886336758,Provincia,Tienda,Efectivo,25,18-25,21,1,0,Plata,Alto,0
Basico,1,11.70031517855254,57.878181871096935,4,11.70031517855254,0.02256433357578655,Provincia,Web,Billetera,26,26-35,19,1,0,Plata,Alto,0
Basico,0,8.027882338015827,34.077195340801566,3,0.0,0.02787876412548937,Lima,App,Billetera,29,26-35,10,2,1,Bronce,Medio,0
Basico,3,9.85310490742465,43.65361387688574,2,29.559314722273946,0.02330615085579044,Lima,App,Transferencia,43,36-50,8,1,0,Bronce,Alto,0
Basico,4,12.134231738396485,59.93023939305564,3,48.53692695358594,0.02174559367985165,Provincia,Tienda,Efectivo,27,26-35,30,1,0,Oro,Alto,0
Basico,4,19.338730603131523,58.73098550036777,3,77.3549224125261,0.021317666173099846,Provincia,Tienda,Efectivo,35,26-35,29,1,1,Plata,Alto,0
Basico,2,12.424108568206215,42.91486634367492,1,24.84821713641243,0.024589505788169486,Lima,Web,Billetera,40,36-50,14,1,1,Bronce,Alto,0
Basico,0,7.455803205908474,44.56416351252634,1,0.0,0.02550395641314646,Lima,App,Tarjeta,36,36-50,12,1,0,Bronce,Alto,0
Basico,3,8.72872095393189,46.87502862103764,5,26.186162861795673,0.021215040930660685,Lima,Web,Transferencia,24,18-25,1,1,0,Bronce,Alto,0
Basico,2,8.639757674848438,30.56844711649461,2,17.279515349696876,0.028612960295482028,Lima,Tienda,Billetera,39,36-50,10,3,1,Bronce,Bajo,0
Basico,1,4.613070482109955,51.59320981577085,4,4.613070482109955,0.023151955114910673,Provincia,Tienda,Tarjeta,42,36-50,22,1,1,Plata,Alto,0
Basico,2,9.009729424895689,37.33157610338418,4,18.019458849791377,0.02928269102794809,Provincia,App,Billetera,39,36-50,1,2,0,Bronce,Alto,0
Basico,3,12.198487245465234,57.22058780710833,2,36.595461736395706,0.021585739652991428,Provincia,App,Transferencia,40,36-50,16,1,0,Plata,Alto,0
Basico,2,6.177303642769615,50.83219242804324,2,12.35460728553923,0.025182717981213753,Provincia,Web,Tarjeta,21,18-25,17,1,1,Plata,Alto,1
Basico,2,13.145447953151777,53.11346053857605,3,26.290895906303554,0.021122484222036185,Provincia,App,Tarjeta,29,26-35,17,1,0,Plata,Alto,1
Basico,4,11.463324463253015,47.67684962378063,4,45.85329785301206,0.023011218728940422,Lima,Tienda,Efectivo,26,26-35,3,1,1,Bronce,Alto,0
Basico,0,7.797300034086886,37.72303999057125,1,0.0,0.028666520457155738,Lima,Web,Tarjeta,20,18-25,7,2,0,Bronce,Medio,0
Basico,3,9.575411087986458,51.35134483598319,2,28.726233263959372,0.02078002449210935,Provincia,Tienda,Efectivo,36,36-50,4,1,0,Bronce,Alto,0
Basico,5,14.794965422923099,43.75066416862698,1,73.9748271146155,0.02051020095746889,Lima,App,Transferencia,29,26-35,30,2,0,Oro,Medio,0
Basico,1,12.200643440517597,48.650757387092156,6,12.200643440517597,0.022020886498457393,Provincia,Web,Transferencia,31,26-35,26,1,1,Plata,Alto,0
Basico,1,10.026350964694444,32.51913687691914,2,10.026350964694444,0.02688745882470169,Lima,Web,Tarjeta,26,26-35,14,3,0,Bronce,Bajo,0
Basico,3,9.286950049117047,47.15941737858802,2,27.860850147351144,0.025335742784901194,Provincia,App,Billetera,47,36-50,10,1,1,Bronce,Alto,0
Basico,1,10.229827211354978,41.49510857748076,1,10.229827211354978,0.023965220088777137,Provincia,Web,Billetera,42,36-50,10,2,0,Bronce,Medio,0
Basico,1,8.46470932617309,33.478638173631104,4,8.46470932617309,0.026679865727461054,Lima,Web,Tarjeta,27,26-35,7,3,1,Bronce,Medio,0
Basico,2,3.6857514828429565,59.821516547721195,2,7.371502965685913,0.02021764993118309,Provincia,Tienda,Efectivo,32,26-35,1,1,0,Bronce,Alto,0
Basico,2,16.12653373160419,49.729423567084886,3,32.25306746320838,0.0239683814718517,Lima,App,Transferencia,31,26-35,10,1,1,Bronce,Alto,0
Basico,3,10.465974997598204,23.53821171475957,1,31.397924992794614,0.036385785695372055,Lima,Tienda,Tarjeta,40,36-50,30,4,0,Plata,Bajo,1
Basico,1,11.194441795367611,47.38933634815242,4,11.194441795367611,0.023420970432129897,Provincia,Tienda,Efectivo,36,36-50,13,1,0,Bronce,Alto,0
Basico,3,9.826276750369274,40.24136955194799,4,29.478830251107823,0.02547172811626808,Lima,Web,Transferencia,31,26-35,4,2,0,Bronce,Medio,0
Basico,2,7.794649597826236,44.21337277651499,1,15.589299195652472,0.024615162112855308,Provincia,Web,Tarjeta,19,18-25,13,1,0,Bronce,Alto,0
Basico,2,9.442226557153688,42.40302634154298,8,18.884453114307377,0.025538281095191,Lima,App,Tarjeta,43,36-50,8,1,1,Bronce,Alto,0
Basico,6,5.201815713417067,54.991016702738065,3,31.2108942805024,0.022204837273987088,Provincia,Web,Transferencia,25,18-25,1,1,1,Bronce,Alto,0
Basico,3,16.831259494159916,49.27621732621094,2,50.49377848247975,0.021459946379345805,Provincia,Web,Tarjeta,38,36-50,1,1,1,Bronce,Alto,1
Basico,3,6.296464004732812,45.15670971043272,3,18.889392014198435,0.023576417143040637,Lima,Web,Tarjeta,30,26-35,10,1,1,Bronce,Alto,0
Basico,2,6.904101148458461,35.44657605649538,1,13.808202296916923,0.025443062912343682,Lima,Web,Tarjeta,40,36-50,1,1,1,Bronce,Alto,0
Basico,4,8.679222386840799,43.600744110756345,2,34.716889547363195,0.02451382107836239,Provincia,Tienda,Efectivo,22,18-25,10,2,0,Bronce,Medio,1
Basico,0,13.864227174557133,45.888610121089414,2,0.0,0.024332085421366723,Lima,Web,Tarjeta,25,18-25,9,1,1,Bronce,Alto,1
Basico,2,10.043526997787962,32.067831407269296,1,20.087053995575925,0.02703590517937403,Lima,Tienda,Efectivo,31,26-35,17,2,0,Plata,Medio,0
Basico,1,6.291592611908612,53.62688248825966,3,6.291592611908612,0.02278182315931567,Provincia,Web,Transferencia,23,18-25,8,1,1,Bronce,Alto,0
Basico,3,13.76301508227202,45.46636581210314,2,41.28904524681606,0.023094575352011003,Lima,Tienda,Efectivo,28,26-35,1,1,1,Bronce,Medio,0
Basico,2,12.193001880356444,49.55377920986268,2,24.38600376071289,0.020532950723347883,Provincia,Web,Billetera,40,36-50,12,1,1,Bronce,Alto,0
Basico,1,11.615304871649357,62.913279069664924,2,11.615304871649357,0.021152046687573537,Provincia,Web,Transferencia,34,26-35,20,1,0,Plata,Alto,0
Basico,1,12.147202723512521,33.42218574844637,3,12.147202723512521,0.02661583013864757,Lima,App,Billetera,39,36-50,5,1,1,Bronce,Alto,0
Basico,3,17.183085701747352,40.13472016290961,3,51.549257105242056,0.022172215562757072,Lima,App,Transferencia,28,26-35,26,1,1,Plata,Alto,0
Basico,1,16.555284685108337,41.888138802171596,3,16.555284685108337,0.027589834990656464,Lima,Web,Efectivo,29,26-35,11,1,1,Bronce,Alto,0
Basico,1,7.939853970990114,49.81451308448448,1,7.939853970990114,0.022482185984630844,Provincia,Tienda,Efectivo,22,18-25,6,1,0,Bronce,Alto,0
Basico,2,14.871654978433456,41.80657741801556,2,29.743309956866913,0.026030191008725004,Lima,Web,Billetera,38,36-50,4,1,1,Bronce,Alto,0
Basico,0,11.1495045692767,35.91359002688056,3,0.0,0.027867779960054555,Lima,App,Transferencia,26,26-35,12,3,1,Bronce,Medio,0
Basico,3,11.497287448413248,38.748137978341596,1,34.491862345239745,0.02358477955217894,Lima,App,Efectivo,29,26-35,9,1,1,Bronce,Alto,0
Basico,3,4.923187505070015,22.328447512106543,3,14.769562515210044,0.03619625912371039,Lima,Web,Tarjeta,26,26-35,1,3,1,Bronce,Bajo,0
Basico,1,9.488842703835411,35.894643987181894,1,9.488842703835411,0.03101244262717375,Provincia,Web,Transferencia,53,51+,26,2,1,Plata,Medio,1
Basico,2,7.561529228990305,41.238646048301774,1,15.12305845798061,0.024929859478171813,Lima,Tienda,Efectivo,33,26-35,7,2,0,Bronce,Alto,1
Basico,3,12.484176444679928,38.45724055480861,1,37.45252933403978,0.024147468299225972,Lima,Web,Billetera,24,18-25,26,1,1,Plata,Alto,0
Basico,2,13.213241501208415,29.01671537807629,2,26.42648300241683,0.02554056206985203,Lima,Web,Transferencia,21,18-25,1,2,1,Bronce,Medio,0
Basico,3,3.776540946951066,27.259303963153446,3,11.329622840853197,0.03020890803622357,Lima,Web,Tarjeta,34,26-35,20,3,1,Plata,Bajo,0
Basico,2,9.933895407987189,33.18902744728527,2,19.867790815974377,0.02709253179757495,Lima,Tienda,Tarjeta,26,26-35,24,3,0,Plata,Medio,0
Basico,0,13.365584514382757,42.87155728262339,4,0.0,0.023279609701270357,Lima,Web,Tarjeta,26,26-35,23,2,0,Plata,Alto,0
Basico,1,9.439963113059665,49.01840070566582,1,9.439963113059665,0.02277442154949945,Lima,App,Tarjeta,18,18-25,14,1,1,Bronce,Alto,0
Basico,1,21.053807101247084,46.54819195024788,2,21.053807101247084,0.02443859392477085,Provincia,App,Billetera,28,26-35,20,1,0,Plata,Alto,0
Basico,1,11.053496402881253,43.38669688909228,1,11.053496402881253,0.021374751831685808,Lima,Tienda,Efectivo,32,26-35,15,1,1,Bronce,Alto,0
Basico,1,11.024980695857879,51.9909822548006,2,11.024980695857879,0.023262854961131983,Provincia,App,Billetera,42,36-50,1,1,0,Bronce,Alto,1
Basico,0,9.186055065795108,30.448144787791865,4,0.0,0.026836472312469294,Lima,App,Billetera,23,18-25,14,2,1,Bronce,Medio,0
Basico,2,6.350257587592871,52.15849545333106,1,12.700515175185743,0.02525412612628524,Provincia,App,Transferencia,18,18-25,1,1,1,Bronce,Alto,0
Basico,1,6.635409557724918,30.168718810995884,3,6.635409557724918,0.029424166807026336,Lima,Tienda,Transferencia,30,26-35,1,4,0,Bronce,Bajo,0
Basico,3,12.128057543365951,46.588811875318065,1,36.38417263009785,0.02471619319245751,Provincia,App,Billetera,37,36-50,13,2,0,Bronce,Medio,0
Basico,2,10.05837476655665,61.63426492478354,2,20.1167495331133,0.021477431159536122,Provincia,Tienda,Efectivo,37,36-50,4,1,0,Bronce,Alto,0
Basico,2,9.584463266178325,41.00370052037311,1,19.16892653235665,0.022509113162680255,Lima,Web,Billetera,39,36-50,26,1,1,Plata,Alto,0
Basico,0,8.728329873032942,40.52107914513341,2,0.0,0.02082897372950173,Lima,Web,Billetera,34,26-35,27,1,1,Plata,Alto,0
Basico,1,9.084433463557744,43.8895328426991,3,9.084433463557744,0.02532570516883462,Provincia,Tienda,Tarjeta,28,26-35,37,1,1,Plata,Alto,0
Basico,1,13.140735383464419,59.63506680995587,3,13.140735383464419,0.02095096471911299,Provincia,Web,Transferencia,21,18-25,1,1,0,Bronce,Alto,0
Basico,3,8.99426775439592,44.22231565765386,1,26.982803263187762,0.024979093206044658,Lima,Web,Transferencia,22,18-25,1,1,1,Bronce,Alto,0
Basico,1,5.976805860095293,44.2901570661546,1,5.976805860095293,0.020679133595220032,Lima,App,Transferencia,22,18-25,19,1,0,Plata,Alto,0
Basico,2,12.23095532662052,45.87108282489102,3,24.46191065324104,0.024455428796438118,Lima,Web,Billetera,35,26-35,7,1,1,Bronce,Alto,0
Basico,2,9.385370008405848,42.72445353507235,5,18.770740016811697,0.022453666196231303,Lima,Tienda,Efectivo,31,26-35,3,1,1,Bronce,Alto,0
Basico,3,10.09418759659833,45.046321999501465,1,30.282562789794987,0.02067159454785995,Lima,Tienda,Efectivo,18,18-25,6,2,0,Bronce,Medio,0
Basico,4,14.822734919198531,44.67665986734763,3,59.290939676794125,0.024979478198928623,Lima,Web,Tarjeta,33,26-35,9,1,1,Bronce,Alto,0
Basico,0,9.938318327948478,43.871604676051355,1,0.0,0.023757514685519936,Lima,Tienda,Efectivo,42,36-50,17,1,1,Bronce,Alto,0
Basico,2,10.867551019356176,43.473076403830746,1,21.735102038712352,0.021077339933960708,Lima,Tienda,Tarjeta,19,18-25,1,1,0,Bronce,Alto,0
Basico,1,6.4632295261050245,40.50338144394984,2,6.4632295261050245,0.02479237367563362,Provincia,Tienda,Efectivo,36,36-50,14,1,1,Bronce,Alto,0
Basico,3,9.34099164294712,42.474138682485844,1,28.02297492884136,0.0290735380536915,Provincia,Web,Transferencia,18,18-25,8,1,0,Bronce,Alto,0
Basico,1,11.828578135625804,56.24990924415108,2,11.828578135625804,0.019336736303524303,Lima,Web,Tarjeta,23,18-25,2,1,1,Bronce,Alto,0
Basico,1,5.333878798476273,44.45214631177741,2,5.333878798476273,0.025872432874433766,Provincia,Tienda,Tarjeta,22,18-25,24,1,0,Plata,Alto,1
Basico,2,10.602535279347128,42.07054277675781,1,21.205070558694256,0.023927005260258483,Lima,Web,Transferencia,35,26-35,6,1,1,Bronce,Alto,0
Basico,2,10.302373217934418,51.30605223542053,4,20.604746435868837,0.021376641452494075,Lima,Tienda,Efectivo,45,36-50,7,1,1,Bronce,Alto,0
Basico,0,10.123862366762317,45.49063982489475,5,0.0,0.02634523340477845,Provincia,App,Tarjeta,35,26-35,7,2,0,Bronce,Medio,1
Basico,1,13.11147669597473,46.478505547426394,2,13.11147669597473,0.027808165588015712,Provincia,App,Billetera,35,26-35,26,1,1,Plata,Alto,0
Basico,4,11.003315544545565,48.502291843918336,1,44.01326217818226,0.0236581754292627,Provincia,App,Efectivo,20,18-25,11,1,1,Bronce,Alto,1
Basico,3,14.434215695069332,27.302786283483638,2,43.302647085207994,0.031216229882128244,Lima,App,Tarjeta,32,26-35,9,3,1,Bronce,Medio,0
Basico,0,7.019231453217891,36.613518081135894,3,0.0,0.025277758573526644,Lima,Tienda,Efectivo,34,26-35,19,1,0,Bronce,Alto,0
Basico,1,10.407773701655044,45.7547010046496,1,10.407773701655044,0.02368254402968005,Provincia,App,Billetera,18,18-25,1,1,1,Bronce,Alto,0
Basico,0,10.253400359169841,45.466401446001385,1,0.0,0.025220527971315704,Lima,Web,Transferencia,39,36-50,12,1,0,Bronce,Alto,0
Basico,2,6.79223651873476,37.75012761998063,5,13.58447303746952,0.030045598446429487,Lima,App,Billetera,30,26-35,12,1,1,Bronce,Alto,0
Basico,1,12.868885006274038,53.49217246015424,3,12.868885006274038,0.020420294678565876,Provincia,App,Billetera,25,18-25,18,1,0,Bronce,Alto,0
Basico,2,16.974019917558454,45.56481175498513,1,33.94803983511691,0.02408611802486627,Lima,App,Billetera,34,26-35,13,1,1,Bronce,Alto,0
Basico,4,9.948981776548507,48.58680735169575,4,39.79592710619403,0.020765947578707703,Lima,Tienda,Tarjeta,33,26-35,1,1,1,Bronce,Alto,0
Basico,0,11.5150632648213,36.1502167057895,2,0.0,0.025189031877449725,Lima,Tienda,Efectivo,42,36-50,1,2,1,Bronce,Medio,0
Basico,2,10.253555427445981,44.51742754317842,2,20.507110854891963,0.027322449094144257,Lima,Web,Billetera,45,36-50,16,2,0,Bronce,Medio,0
Basico,2,7.859245990278472,40.00236433140875,1,15.718491980556944,0.023615034545037727,Lima,Tienda,Efectivo,30,26-35,5,1,1,Bronce,Alto,0
Basico,1,4.537719166593951,38.460085345420325,4,4.537719166593951,0.025049432319058897,Lima,Tienda,Efectivo,30,26-35,7,1,1,Bronce,Alto,0
Basico,0,7.882679550713904,36.753315310780955,1,0.0,0.028480946467932425,Lima,Web,Transferencia,26,26-35,1,1,1,Bronce,Alto,0
Basico,3,5.824124857144806,59.913035941537494,1,17.47237457143442,0.020682984712740448,Provincia,App,Tarjeta,27,26-35,10,1,1,Bronce,Alto,0
Basico,3,15.112306234177353,39.31721942624879,3,45.33691870253206,0.0263931290614564,Lima,App,Billetera,38,36-50,9,3,0,Bronce,Medio,0
Basico,2,9.654670918230282,34.55731067731292,2,19.309341836460565,0.03144785805522628,Provincia,App,Transferencia,19,18-25,1,3,0,Bronce,Bajo,0
Basico,0,8.962242012858487,45.10400393388348,2,0.0,0.020990398243210088,Lima,App,Billetera,18,18-25,18,1,1,Bronce,Alto,0
Basico,1,12.667461474363417,40.49855826091373,1,12.667461474363417,0.025988532353636726,Lima,Web,Billetera,32,26-35,3,1,1,Bronce,Alto,0
Basico,2,6.634746691432336,37.47652080735507,2,13.269493382864672,0.02634290843246827,Lima,App,Billetera,27,26-35,24,3,0,Plata,Medio,0
Basico,5,7.699407885986343,33.574898676688534,2,38.49703942993172,0.031081903176773618,Lima,Tienda,Billetera,34,26-35,12,2,1,Plata,Medio,0
Basico,2,10.204216807745864,44.45265304694745,1,20.408433615491727,0.02011881875269588,Lima,Tienda,Efectivo,18,18-25,9,1,1,Bronce,Alto,0
Basico,3,13.086306974270443,34.7807168179152,2,39.25892092281133,0.02894138458388969,Lima,App,Billetera,39,36-50,1,1,1,Bronce,Alto,0
Basico,2,11.505055135506364,48.05112627064226,1,23.010110271012728,0.02421762105190124,Provincia,Tienda,Efectivo,34,26-35,15,1,1,Bronce,Alto,0
Basico,2,10.744975427547647,40.48807333758889,3,21.489950855095294,0.021947584001200157,Lima,Tienda,Tarjeta,52,51+,10,1,1,Bronce,Alto,0
Basico,5,10.234353205708048,55.20645326708777,1,51.17176602854024,0.02319723571930544,Provincia,App,Transferencia,30,26-35,12,1,1,Plata,Alto,0
Basico,4,11.200707566580325,43.38317948377801,1,44.8028302663213,0.02456898117909611,Provincia,Web,Transferencia,27,26-35,23,2,0,Plata,Medio,0
Basico,2,10.604958715387763,34.15706368854499,2,21.209917430775526,0.030777118510451295,Lima,App,Billetera,29,26-35,19,3,0,Plata,Bajo,0
Basico,0,6.910083175669193,48.13150550328535,3,0.0,0.027062591791974865,Provincia,App,Transferencia,39,36-50,21,1,1,Bronce,Alto,0
Basico,3,10.138237664899455,44.95696363330212,3,30.414712994698363,0.023844153644538752,Provincia,Web,Billetera,24,18-25,1,1,0,Bronce,Alto,0
Basico,2,6.778934023246743,49.566470242741765,1,13.557868046493486,0.026980263922054507,Provincia,Web,Tarjeta,35,26-35,8,1,0,Bronce,Alto,0
Basico,3,10.243247628702472,40.0088316444786,1,30.729742886107417,0.023800005337392686,Lima,App,Billetera,31,26-35,1,1,1,Bronce,Alto,0
Basico,1,8.558056175535276,44.02368978295421,2,8.558056175535276,0.02251810154766459,Provincia,Web,Billetera,35,26-35,15,1,1,Bronce,Alto,0
Basico,1,17.618144868348583,56.954887273921514,1,17.618144868348583,0.02182809680856491,Provincia,Tienda,Efectivo,25,18-25,1,1,1,Bronce,Alto,0
Basico,5,16.143739956163746,38.29772190709569,2,80.71869978081872,0.028678684219396646,Provincia,Web,Efectivo,35,26-35,21,1,1,Plata,Alto,0
Basico,3,5.787281301215234,50.59761191174228,3,17.361843903645703,0.019236973052883723,Lima,Web,Billetera,34,26-35,26,1,1,Plata,Alto,0
Basico,4,9.597459367969225,49.03271005168955,2,38.3898374718769,0.022302811338111215,Provincia,Tienda,Efectivo,45,36-50,8,1,1,Bronce,Alto,0
Basico,2,11.558076236913664,41.99124900903306,4,23.116152473827327,0.02439534358142783,Provincia,Web,Billetera,44,36-50,13,1,1,Bronce,Alto,0
Basico,1,15.02009183845757,51.5704961102476,2,15.02009183845757,0.021529599265947576,Provincia,App,Transferencia,30,26-35,26,1,0,Plata,Alto,1
Basico,1,8.231642800183845,49.880531041622696,2,8.231642800183845,0.01892970004717017,Lima,Tienda,Tarjeta,34,26-35,31,1,1,Plata,Alto,0
Basico,0,5.25271607792908,43.14266658182676,1,0.0,0.029580198274480905,Provincia,Tienda,Tarjeta,24,18-25,27,2,0,Plata,Alto,0
Basico,0,12.450511034292944,46.26876553188034,1,0.0,0.025079195844824806,Lima,App,Efectivo,25,18-25,15,1,1,Bronce,Alto,0
Basico,3,5.858203882301046,35.01616598918213,2,17.574611646903136,0.03435500337966456,Lima,Web,Billetera,26,26-35,26,1,1,Plata,Alto,0
Basico,3,8.691533675477546,44.63768675391294,1,26.07460102643264,0.023830371036136253,Provincia,Web,Transferencia,38,36-50,1,2,0,Bronce,Medio,0
Basico,4,9.227138543467017,59.01978794541237,1,36.90855417386807,0.023349771691892188,Provincia,App,Billetera,29,26-35,3,1,0,Bronce,Alto,0
Basico,2,9.791099640099675,49.57728798313663,3,19.58219928019935,0.02450728746596721,Provincia,App,Transferencia,19,18-25,19,1,0,Plata,Alto,1
Basico,4,32.10562231302954,40.48567433950955,2,128.42248925211817,0.026505982351373494,Provincia,App,Billetera,20,18-25,10,1,1,Plata,Alto,0
Basico,1,7.949097153140837,37.01031616456305,4,7.949097153140837,0.03251775823655027,Lima,Tienda,Efectivo,52,51+,17,1,1,Bronce,Alto,0
Basico,2,9.178812243499717,51.45433559602197,3,18.357624486999434,0.023327604157777286,Provincia,App,Tarjeta,24,18-25,19,1,0,Plata,Alto,0
Basico,0,9.957188941151834,41.82816775810261,2,0.0,0.020713723482166806,Lima,App,Billetera,32,26-35,19,1,1,Bronce,Alto,0
Basico,5,10.448793872556363,50.90437261934856,1,52.24396936278182,0.02628472665316184,Provincia,App,Billetera,27,26-35,1,1,0,Bronce,Alto,0
Basico,2,10.293481524123768,43.8407341113821,1,20.586963048247537,0.023147987588393062,Provincia,Tienda,Efectivo,30,26-35,17,1,1,Plata,Alto,0
Basico,2,11.30801732566774,29.029747593423615,2,22.61603465133548,0.03015747167187531,Lima,Tienda,Efectivo,41,36-50,4,1,1,Bronce,Medio,0
Basico,3,12.531518528925211,39.184283424121595,5,37.594555586775634,0.023102122880489104,Lima,Web,Tarjeta,26,26-35,13,1,1,Bronce,Alto,0
Basico,2,11.177902346952903,42.2900763857331,4,22.355804693905807,0.02561928963707544,Lima,App,Transferencia,25,18-25,6,1,0,Bronce,Alto,0
Basico,6,11.360756570527656,29.77880041734095,1,68.16453942316593,0.026890459650957755,Lima,Web,Billetera,41,36-50,6,3,0,Bronce,Bajo,0
Basico,2,5.253330499760567,31.686148511283807,1,10.506660999521134,0.026883034378940168,Lima,Tienda,Efectivo,29,26-35,4,2,1,Bronce,Medio,1
Basico,2,10.15068309749704,43.312078038409666,1,20.30136619499408,0.025620042110598155,Lima,Web,Transferencia,19,18-25,18,1,1,Plata,Alto,0
Basico,2,11.438522644004825,57.124170576613515,5,22.87704528800965,0.023303414386489942,Provincia,Web,Transferencia,21,18-25,8,1,0,Bronce,Alto,0
Basico,3,12.186823583711352,45.35861942100774,4,36.560470751134055,0.029036692628186814,Provincia,App,Tarjeta,31,26-35,8,1,0,Bronce,Alto,0
Basico,3,7.922947677298618,35.20196413803998,2,23.768843031895855,0.02563154634453754,Lima,App,Billetera,21,18-25,7,2,0,Bronce,Medio,0
Basico,3,8.022882175334065,52.556411126952135,2,24.068646526002194,0.024514225428633823,Provincia,App,Billetera,36,36-50,16,1,1,Plata,Alto,0
Basico,6,8.277697974149206,26.52725057301499,4,49.666187844895234,0.028165202755512292,Lima,Tienda,Tarjeta,32,26-35,1,2,1,Bronce,Medio,0
Basico,1,11.60924169967403,50.22776569488577,3,11.60924169967403,0.020006671821567904,Lima,Web,Tarjeta,36,36-50,26,1,1,Plata,Alto,0
Basico,2,13.101643164772625,38.4408386362065,6,26.20328632954525,0.027223831341448623,Lima,Web,Tarjeta,33,26-35,3,1,0,Bronce,Alto,0
Basico,1,8.777619678125195,50.13273119488599,1,8.777619678125195,0.02655843895154191,Provincia,Tienda,Billetera,40,36-50,6,1,0,Bronce,Alto,0
Basico,2,12.723886940881147,39.66886230216181,3,25.447773881762295,0.02769434069057046,Lima,Tienda,Efectivo,47,36-50,10,4,0,Bronce,Bajo,1
Basico,3,10.370439427493782,55.166105580179774,1,31.111318282481346,0.020003040287821024,Lima,App,Transferencia,32,26-35,15,1,1,Plata,Alto,0
Basico,3,9.627142668512692,47.66387231489167,1,28.881428005538076,0.022849556207522336,Lima,App,Transferencia,31,26-35,8,1,0,Bronce,Alto,0
Basico,2,9.365847310546092,38.57133956988647,1,18.731694621092185,0.027535283736218653,Provincia,Tienda,Billetera,41,36-50,8,2,0,Bronce,Medio,0
Basico,1,12.239834093806472,49.31034667515133,5,12.239834093806472,0.02149097609865409,Provincia,Tienda,Efectivo,27,26-35,21,1,1,Plata,Alto,0
Basico,4,10.97673345036121,46.3718190028887,6,43.90693380144484,0.02380754354824888,Lima,Web,Tarjeta,34,26-35,1,1,0,Bronce,Alto,0
Basico,1,16.82747628294291,41.35745496888222,1,16.82747628294291,0.02364833948344838,Lima,Tienda,Efectivo,25,18-25,4,1,1,Bronce,Alto,0
Basico,2,7.443326071008028,48.746731119894726,2,14.886652142016056,0.025459795014895207,Provincia,App,Billetera,21,18-25,2,1,1,Bronce,Alto,0
Basico,2,11.554305106089927,41.91228461124456,1,23.108610212179855,0.02684353329213912,Lima,App,Transferencia,23,18-25,6,1,1,Bronce,Alto,0
Basico,2,8.412396970565462,39.457770954178265,1,16.824793941130924,0.023425331366497177,Lima,Web,Tarjeta,40,36-50,24,1,1,Plata,Alto,0
Basico,0,7.392139039034069,42.279584352799105,4,0.0,0.026127012287284992,Lima,Tienda,Billetera,31,26-35,3,1,1,Bronce,Alto,0
Basico,4,9.967398588895083,61.32384802886595,2,39.86959435558033,0.019966544797148426,Provincia,Web,Billetera,24,18-25,9,1,1,Bronce,Alto,1
Basico,1,10.412057438221108,46.637106159183745,1,10.412057438221108,0.028857076965287155,Provincia,Web,Billetera,36,36-50,15,1,1,Bronce,Alto,0
Basico,0,18.754520665180276,48.53289260442803,2,0.0,0.020541986398330533,Lima,App,Tarjeta,18,18-25,2,1,0,Bronce,Alto,0
Basico,2,9.447562552950394,37.93162722162563,1,18.89512510590079,0.02472590973254948,Lima,App,Tarjeta,18,18-25,1,2,0,Bronce,Medio,0
Basico,2,6.609463811545949,48.44124154572969,1,13.218927623091899,0.023531942877034088,Provincia,Tienda,Efectivo,30,26-35,1,1,1,Bronce,Alto,0
Basico,3,10.819032152483157,46.41260707685268,2,32.45709645744947,0.022140651715266843,Lima,App,Billetera,25,18-25,23,1,1,Plata,Alto,0
Basico,2,3.776079887360895,51.843613861973,2,7.55215977472179,0.026420949354119743,Provincia,Web,Billetera,38,36-50,15,1,1,Bronce,Alto,0
Basico,0,9.724129652187202,42.50799866611067,1,0.0,0.02206470867872731,Lima,Tienda,Efectivo,42,36-50,7,1,1,Bronce,Alto,0
Basico,2,10.048075846885482,42.22877180319029,2,20.096151693770963,0.03641358159881676,Provincia,Web,Billetera,29,26-35,7,1,1,Bronce,Alto,0
Basico,2,12.383801148835634,31.514229072998447,1,24.767602297671267,0.026737930500002095,Lima,Tienda,Efectivo,30,26-35,1,2,0,Bronce,Medio,0
Basico,3,12.92086674828354,47.25195303834525,3,38.76260024485062,0.027487867844954765,Provincia,Web,Tarjeta,24,18-25,12,1,1,Bronce,Alto,0
Basico,2,8.489291143276848,29.85411406289043,4,16.978582286553696,0.028791502642369172,Lima,Web,Tarjeta,29,26-35,17,2,1,Plata,Medio,1
Basico,2,9.5481579561102,34.415104163911025,4,19.0963159122204,0.025046821394793944,Lima,App,Efectivo,18,18-25,1,1,1,Bronce,Alto,0
Basico,0,7.7016375081679875,36.98869418112439,2,0.0,0.023294412339188622,Lima,Web,Tarjeta,26,26-35,13,1,0,Bronce,Alto,0
Basico,3,6.615812335576918,55.9730965057324,4,19.847437006730754,0.022465195799200845,Provincia,Web,Tarjeta,29,26-35,1,1,0,Bronce,Alto,0
Basico,3,10.929684338141904,39.49279501280783,4,32.78905301442571,0.023694221080694248,Lima,App,Billetera,21,18-25,9,1,1,Bronce,Alto,0
Basico,4,6.179243354210202,33.52135503435723,2,24.71697341684081,0.026545243290552446,Lima,Tienda,Tarjeta,27,26-35,4,3,0,Bronce,Bajo,0
Basico,0,8.75611929828441,46.97753174671208,2,0.0,0.023339901545428754,Provincia,Web,Billetera,28,26-35,19,1,1,Bronce,Alto,0
Basico,4,7.014478120302288,44.66864020704763,1,28.05791248120915,0.02402608552031244,Provincia,App,Billetera,27,26-35,10,1,0,Bronce,Alto,0
Basico,0,11.649049558870779,55.04434995154602,4,0.0,0.021891283976769076,Provincia,App,Tarjeta,34,26-35,1,1,0,Bronce,Alto,0
Basico,2,15.404290297799463,47.78707359273049,3,30.808580595598926,0.022279314939882312,Lima,App,Tarjeta,30,26-35,9,1,1,Bronce,Alto,0
Basico,1,6.095236051590007,37.245093407866904,2,6.095236051590007,0.024299929911922195,Lima,Web,Tarjeta,37,36-50,20,2,1,Plata,Alto,0
Basico,2,4.440944551307293,40.96763448718851,3,8.881889102614586,0.027386954548574403,Provincia,Tienda,Tarjeta,37,36-50,1,1,1,Bronce,Alto,0
Basico,2,9.625339343949797,37.57215078649694,3,19.250678687899594,0.026500421241361295,Lima,Web,Transferencia,31,26-35,7,1,1,Bronce,Alto,0
Basico,0,10.047093387873275,46.064412890960426,2,0.0,0.02614307100837384,Provincia,App,Billetera,45,36-50,6,1,1,Bronce,Alto,0
Basico,2,10.655977920271893,41.60323042349911,6,21.311955840543785,0.025365473137070167,Lima,App,Transferencia,21,18-25,12,2,0,Bronce,Medio,0
Basico,4,8.661038454296966,46.456429113761466,1,34.64415381718786,0.023618187174273317,Lima,App,Efectivo,20,18-25,8,2,0,Bronce,Medio,0
Basico,1,9.398082103523704,50.20086975986245,2,9.398082103523704,0.022433660997306322,Lima,Web,Transferencia,29,26-35,14,1,1,Bronce,Alto,0
Basico,2,11.102531231621807,43.85518917023262,2,22.205062463243614,0.02454324617890491,Lima,App,Transferencia,27,26-35,3,1,0,Bronce,Alto,1
Basico,3,13.121292677934516,44.99156195433084,2,39.363878033803545,0.024342376139969448,Lima,App,Tarjeta,28,26-35,8,2,0,Bronce,Alto,0
Basico,0,4.134853689045151,39.400994982017274,3,0.0,0.02397131217394516,Lima,App,Tarjeta,19,18-25,8,1,1,Bronce,Alto,0
Basico,2,8.893181682905613,50.02608786378938,2,17.786363365811226,0.026027789629116074,Provincia,Web,Billetera,46,36-50,28,1,0,Plata,Alto,0
Basico,1,10.641426381823191,38.15928233670268,3,10.641426381823191,0.027492891312267242,Lima,Web,Tarjeta,27,26-35,13,2,1,Bronce,Medio,0
Basico,0,7.246071686167792,27.135371241291484,1,0.0,0.03103391616267315,Lima,Tienda,Efectivo,24,18-25,18,3,0,Bronce,Medio,0
Basico,1,15.1935088953019,39.00997582244309,1,15.1935088953019,0.026649431086978936,Lima,Web,Tarjeta,32,26-35,28,1,1,Plata,Alto,0
Basico,3,8.093770359313789,55.65036914832519,1,24.281311077941368,0.023059684756543068,Provincia,Web,Tarjeta,39,36-50,13,1,1,Bronce,Alto,0
Basico,1,9.876121938978152,42.14663329749392,6,9.876121938978152,0.026677022466398807,Lima,App,Transferencia,40,36-50,8,1,0,Bronce,Alto,0
Basico,2,11.668066290526873,34.47413039255458,2,23.336132581053747,0.025118707991641405,Lima,App,Billetera,18,18-25,1,1,1,Bronce,Alto,1
Basico,1,17.14242535487941,53.42658410253582,6,17.14242535487941,0.02307754984343935,Provincia,Web,Billetera,36,36-50,1,1,0,Bronce,Alto,0
Basico,5,4.460280856586749,41.917519226805815,2,22.301404282933746,0.022933966411949697,Lima,App,Tarjeta,41,36-50,1,1,1,Bronce,Alto,0
Basico,1,8.7140364192504,46.59265401939541,1,8.7140364192504,0.02808804476555163,Provincia,Web,Billetera,25,18-25,19,1,1,Plata,Alto,1
Basico,4,13.088321667781122,54.338939080971684,1,52.353286671124486,0.021746081247117164,Provincia,App,Transferencia,25,18-25,15,1,1,Plata,Alto,1
Basico,2,8.989314619644585,57.63772805381693,1,17.97862923928917,0.021442317280257667,Provincia,App,Tarjeta,19,18-25,8,1,1,Bronce,Alto,0
Basico,0,7.460697095623065,32.520444878609,2,0.0,0.028287942400232927,Lima,App,Tarjeta,23,18-25,7,3,1,Bronce,Medio,0
Basico,1,12.777016628508164,40.34390064888276,2,12.777016628508164,0.027114367790598216,Lima,Tienda,Efectivo,23,18-25,1,1,0,Bronce,Alto,0
Basico,3,9.007675311930843,42.48166595051257,5,27.02302593579253,0.021296780826420073,Lima,App,Transferencia,34,26-35,15,1,1,Plata,Alto,1
Basico,2,8.469517559049349,46.493174228536965,1,16.939035118098698,0.024835013311613748,Lima,App,Tarjeta,26,26-35,4,1,1,Bronce,Alto,0
Intermedio,9,25.74728044831655,32.334893826017776,4,231.72552403484895,0.036871948744812096,Lima,App,Billetera,18,18-25,15,3,1,Oro,Bajo,0
Intermedio,4,28.853751048093937,34.50259252050079,5,115.41500419237575,0.032893358371188515,Provincia,Web,Billetera,29,26-35,7,1,1,Bronce,Alto,0
Intermedio,5,36.90856765866273,29.671705504314712,4,184.54283829331365,0.028569370352924735,Lima,Web,Billetera,28,26-35,9,2,1,Plata,Medio,0
Intermedio,11,29.136180538287114,33.57402735071259,6,320.49798592115826,0.03190013532599853,Lima,App,Transferencia,38,36-50,27,2,1,Oro,Medio,0
Intermedio,7,30.79919983194172,30.093805803248266,2,215.59439882359203,0.02911521348230436,Lima,Web,Transferencia,33,26-35,29,2,1,Oro,Medio,0
Intermedio,8,22.470169005060722,39.71052532702884,5,179.76135204048578,0.02767814808890512,Lima,App,Tarjeta,30,26-35,6,1,1,Plata,Medio,0
Intermedio,6,30.665844312861434,34.42861725219172,3,183.9950658771686,0.023895423067183667,Lima,Web,Transferencia,39,36-50,24,1,1,Oro,Alto,0
Intermedio,5,25.311656748095615,26.930783632904518,6,126.55828374047807,0.028704136541145894,Lima,Web,Billetera,42,36-50,11,3,1,Plata,Bajo,0
Intermedio,6,25.53584957629798,43.13467021792883,4,153.2150974577879,0.02481995160452986,Provincia,Web,Transferencia,36,36-50,13,2,0,Plata,Medio,1
Intermedio,3,19.607436293177013,59.24752980323953,4,58.822308879531036,0.023972168897896506,Provincia,Web,Tarjeta,29,26-35,30,1,1,Plata,Alto,0
Intermedio,8,24.123527350479936,39.84902737482246,7,192.9882188038395,0.023959419254568078,Lima,App,Tarjeta,19,18-25,15,2,0,Plata,Medio,0
Intermedio,4,26.996588008595655,39.10101837701691,1,107.98635203438262,0.026925859750574266,Lima,Web,Billetera,46,36-50,15,2,0,Plata,Medio,0
Intermedio,5,26.8019669750904,24.30413904924326,2,134.00983487545201,0.03552796260247402,Lima,App,Tarjeta,58,51+,2,3,1,Bronce,Medio,0
Intermedio,3,27.521439266921362,46.557664571773664,5,82.56431780076409,0.026424757202111886,Provincia,Tienda,Efectivo,37,36-50,15,1,1,Plata,Alto,0
Intermedio,8,26.454823650687214,40.3715963814122,2,211.6385892054977,0.02487958309692611,Provincia,App,Efectivo,34,26-35,12,2,0,Plata,Medio,0
Intermedio,6,22.464956703649722,30.92661516207862,5,134.78974022189834,0.028030259107830732,Lima,App,Tarjeta,43,36-50,23,3,1,Plata,Bajo,0
Intermedio,11,22.430496866755785,42.67280194580718,4,246.73546553431365,0.023267536744375487,Provincia,App,Billetera,18,18-25,13,1,1,Oro,Alto,0
Intermedio,7,19.005243010030618,32.1729305591371,1,133.03670107021432,0.025355397577602926,Lima,App,Tarjeta,39,36-50,30,2,1,Oro,Medio,0
Intermedio,10,33.923875195925476,43.75468637681228,3,339.2387519592547,0.02612801601143132,Provincia,Web,Efectivo,37,36-50,22,2,0,Oro,Medio,0
Intermedio,9,25.067251823096466,35.5099859804091,3,225.60526640786819,0.02478589765328343,Lima,Web,Tarjeta,28,26-35,20,2,1,Oro,Medio,1
Intermedio,6,23.87573472102574,40.36541703996999,1,143.25440832615445,0.026785609483398604,Lima,App,Transferencia,27,26-35,25,1,1,Oro,Alto,1
Intermedio,5,20.356039592737705,25.61255594881919,3,101.78019796368852,0.038419044039945366,Provincia,App,Tarjeta,20,18-25,20,3,0,Plata,Bajo,0
Intermedio,5,39.678289511638894,31.366125429560473,5,198.39144755819447,0.029408785600988228,Lima,Web,Tarjeta,43,36-50,25,2,1,Oro,Medio,0
Intermedio,10,19.63335983888552,48.81714648453307,6,196.33359838885522,0.02451661082096274,Provincia,App,Billetera,23,18-25,17,1,1,Oro,Alto,1
Intermedio,1,22.855760371969634,30.16385750864305,2,22.855760371969634,0.030516055824173154,Lima,Web,Tarjeta,37,36-50,17,3,0,Bronce,Medio,0
Intermedio,7,27.079184181430303,28.444412104384106,3,189.55428927001213,0.028485069994844157,Lima,Web,Tarjeta,21,18-25,10,4,0,Plata,Bajo,0
Intermedio,6,28.00106482872139,34.310701144475786,4,168.00638897232835,0.031426128972923545,Provincia,App,Transferencia,42,36-50,11,3,1,Plata,Bajo,1
Intermedio,5,29.789660276078422,40.51775319395121,4,148.9483013803921,0.023182658980808686,Lima,App,Transferencia,29,26-35,31,2,0,Oro,Medio,1
Intermedio,6,34.03804253884631,40.97245094382707,4,204.22825523307787,0.0234049690150164,Lima,Web,Tarjeta,43,36-50,23,2,0,Oro,Medio,0
Intermedio,9,27.53078827730356,26.891088354458006,5,247.77709449573206,0.030802853819145503,Lima,App,Billetera,29,26-35,3,2,1,Plata,Bajo,0
Intermedio,7,19.719846000166662,44.81340701538394,1,138.03892200116664,0.02733047507464676,Provincia,App,Billetera,26,26-35,29,1,1,Oro,Medio,1
Intermedio,7,23.715274374391093,33.58160653035571,3,166.00692062073765,0.030049861306104354,Provincia,Web,Tarjeta,23,18-25,19,3,0,Plata,Bajo,0
Intermedio,5,26.539161862569426,33.216971116779085,5,132.69580931284713,0.02600118975049921,Lima,App,Transferencia,39,36-50,10,2,1,Plata,Medio,0
Intermedio,4,35.34113020752912,35.77045834594469,6,141.36452083011648,0.02628899385703781,Lima,App,Tarjeta,28,26-35,36,3,1,Oro,Medio,0
Intermedio,7,18.010972607878514,33.62990357279844,8,126.0768082551496,0.025479769870315663,Lima,Web,Tarjeta,36,36-50,31,2,1,Oro,Medio,1
Intermedio,7,31.012882526126138,31.478817095975185,3,217.09017768288297,0.026789775478739338,Lima,Tienda,Transferencia,30,26-35,26,3,0,Oro,Medio,0
Intermedio,3,25.899571847732084,62.41007786287944,4,77.69871554319624,0.020946082242780027,Provincia,Web,Efectivo,34,26-35,20,1,1,Plata,Alto,0
Intermedio,3,29.189152676147405,41.47554523551392,3,87.56745802844222,0.031359459271444956,Provincia,App,Billetera,33,26-35,21,2,0,Plata,Medio,0
Intermedio,6,24.49002641682034,32.69463523991828,4,146.94015850092202,0.03429639134154628,Lima,App,Tarjeta,18,18-25,1,3,1,Bronce,Medio,0
Intermedio,9,20.787836849368368,27.64090809973003,4,187.09053164431532,0.02904642965125241,Lima,Web,Tarjeta,29,26-35,25,2,1,Oro,Medio,0
Intermedio,6,28.75436389700666,39.90649592925865,5,172.52618338203996,0.03363826766331746,Provincia,App,Tarjeta,44,36-50,20,1,1,Plata,Alto,0
Intermedio,8,28.272155135528106,25.912462897477873,3,226.17724108422485,0.03329986594688743,Lima,App,Tarjeta,24,18-25,20,2,1,Oro,Medio,1
Intermedio,8,29.86028482869861,35.506608739063104,2,238.88227862958888,0.03125513621200364,Provincia,Web,Billetera,41,36-50,20,1,1,Oro,Medio,0
Intermedio,5,24.933476823106822,28.068836775617214,5,124.6673841155341,0.030948978265671917,Lima,App,Transferencia,34,26-35,13,2,1,Plata,Medio,1
Intermedio,5,22.000889883400752,42.3800512350738,6,110.00444941700377,0.031073726911657936,Provincia,App,Transferencia,35,26-35,9,1,1,Plata,Alto,0
Intermedio,9,17.206065024880793,34.55748542093933,1,154.85458522392713,0.026265418068398296,Lima,App,Transferencia,36,36-50,19,2,1,Oro,Medio,0
Intermedio,8,29.096866340697034,39.243131495298435,6,232.77493072557627,0.02943319574663678,Provincia,Web,Billetera,34,26-35,5,1,0,Plata,Alto,0
Intermedio,7,27.11944741221993,38.64815489573818,6,189.83613188553952,0.028343111285894527,Lima,App,Billetera,26,26-35,21,2,1,Oro,Medio,1
Intermedio,7,20.171086835680203,37.61692892310827,5,141.19760784976143,0.02526724463611682,Lima,App,Tarjeta,25,18-25,8,1,1,Plata,Alto,0
Intermedio,2,22.307131633516878,39.279478783723306,3,44.614263267033756,0.030363103334134837,Lima,App,Billetera,28,26-35,28,2,1,Plata,Alto,0
Intermedio,7,22.666205940242797,39.363171983643966,3,158.66344158169957,0.02861900447315388,Provincia,Tienda,Efectivo,46,36-50,4,2,0,Plata,Medio,1
Intermedio,5,17.58507784008791,36.48917768371449,4,87.92538920043954,0.026692975302721984,Lima,Web,Billetera,23,18-25,18,2,0,Plata,Medio,0
Intermedio,3,20.91158801697433,33.84306434758476,3,62.73476405092299,0.03541863021960704,Provincia,App,Billetera,29,26-35,19,3,1,Plata,Medio,0
Intermedio,5,19.33084821596823,29.868909404779995,3,96.65424107984116,0.037792355096100835,Provincia,Web,Tarjeta,22,18-25,30,4,0,Oro,Bajo,1
Intermedio,4,22.937604940560316,36.539220099643344,1,91.75041976224126,0.026749075707586886,Lima,App,Transferencia,26,26-35,21,1,1,Plata,Alto,0
Intermedio,8,21.306512508352185,47.56046016331667,6,170.45210006681748,0.026337929190838622,Provincia,App,Billetera,30,26-35,10,1,1,Plata,Alto,0
Intermedio,8,16.864975395666256,54.68646376212569,5,134.91980316533005,0.02259535664990046,Provincia,Web,Efectivo,45,36-50,9,1,1,Plata,Alto,0
Intermedio,3,35.11295115284741,40.28393568245695,6,105.33885345854222,0.02729825399153638,Lima,Web,Billetera,46,36-50,32,1,1,Oro,Alto,0
Intermedio,4,31.262703655146154,32.60406643700292,4,125.05081462058462,0.025458923270708235,Lima,App,Tarjeta,18,18-25,18,1,1,Plata,Alto,0
Intermedio,7,21.104902892400073,38.5068835474817,6,147.7343202468005,0.02839448273369008,Provincia,Web,Transferencia,22,18-25,16,1,1,Plata,Alto,0
Intermedio,4,26.36210698326805,43.78422822255376,5,105.4484279330722,0.026889737557406656,Provincia,Web,Billetera,33,26-35,11,1,1,Plata,Alto,0
Intermedio,11,27.087325449106476,53.16123163870919,3,297.9605799401712,0.02343620330032267,Provincia,Tienda,Efectivo,42,36-50,6,1,1,Plata,Alto,0
Intermedio,5,30.955429273867384,39.84180532848109,4,154.77714636933692,0.03635830990098694,Provincia,Web,Efectivo,21,18-25,37,1,1,Oro,Alto,1
Intermedio,6,20.906974866699606,41.78172833918122,2,125.44184920019764,0.026557275457124864,Lima,Tienda,Tarjeta,33,26-35,19,1,1,Plata,Alto,0
Intermedio,4,30.46053391991213,49.437419308929485,1,121.84213567964852,0.022450545809566257,Provincia,Web,Tarjeta,42,36-50,7,1,0,Bronce,Alto,0
Intermedio,3,22.260473478965324,34.75557892736819,5,66.78142043689597,0.026933751168749236,Lima,App,Efectivo,40,36-50,25,3,1,Plata,Bajo,0
Intermedio,7,18.320687979156933,45.464284829595904,3,128.24481585409853,0.02347291557581289,Lima,Web,Billetera,32,26-35,24,1,1,Oro,Alto,0
Intermedio,4,28.62068279657249,31.672741748256986,7,114.48273118628995,0.02986576705392748,Lima,Web,Billetera,18,18-25,6,4,0,Bronce,Bajo,0
Intermedio,1,31.453792120612142,27.778784200184745,8,31.453792120612142,0.02787704326459151,Lima,Tienda,Efectivo,44,36-50,12,4,0,Bronce,Bajo,0
Intermedio,6,37.939544867653424,37.832262125468326,7,227.63726920592055,0.027674690470918462,Lima,App,Billetera,24,18-25,23,2,1,Oro,Medio,0
Intermedio,7,19.001373674548933,20.84843699907715,6,133.00961572184252,0.036860060035478405,Lima,Web,Billetera,38,36-50,25,3,1,Oro,Bajo,1
Intermedio,9,76.70058526084468,27.279278826816157,1,690.3052673476021,0.03192105164095881,Lima,Tienda,Efectivo,29,26-35,10,4,0,Oro,Bajo,0
Intermedio,6,22.950993781032334,29.85879366932657,3,137.705962686194,0.031633056861831,Lima,Tienda,Efectivo,37,36-50,1,3,1,Bronce,Medio,0
Intermedio,10,28.916793552620156,42.264186737074304,2,289.1679355262016,0.025452893313264887,Provincia,App,Transferencia,33,26-35,20,1,1,Oro,Medio,1
Intermedio,8,17.647552243843748,40.64412376530922,6,141.18041795074998,0.025323756360307904,Lima,Web,Efectivo,44,36-50,27,2,0,Oro,Medio,0
Intermedio,5,18.68615112150718,29.69521706154357,6,93.4307556075359,0.02681242201659942,Lima,Web,Tarjeta,23,18-25,17,2,1,Plata,Medio,0
Intermedio,11,21.12062588416758,51.04009397708159,7,232.3268847258434,0.025447616197099766,Provincia,App,Billetera,24,18-25,15,1,1,Oro,Alto,0
Intermedio,2,25.39482022834042,31.118154378319655,2,50.78964045668084,0.028293823840791016,Lima,Tienda,Tarjeta,49,36-50,34,3,0,Plata,Medio,0
Intermedio,7,21.794593667308224,38.704381493113004,7,152.56215567115757,0.024505163149292446,Lima,App,Tarjeta,33,26-35,1,1,1,Bronce,Alto,0
Intermedio,5,28.295271719567097,39.2018501666863,1,141.47635859783549,0.027750679416216617,Provincia,Web,Transferencia,27,26-35,25,1,1,Plata,Alto,0
Intermedio,5,30.13447309128957,35.05497560969039,3,150.67236545644786,0.027600325936777817,Lima,Tienda,Billetera,42,36-50,26,2,1,Oro,Medio,0
Intermedio,6,27.997887706226777,38.28682687288027,3,167.98732623736066,0.02862243418506574,Lima,App,Billetera,23,18-25,10,3,0,Plata,Bajo,0
Intermedio,6,33.09393819830434,42.60339618655121,2,198.56362918982606,0.025814577768486315,Lima,Tienda,Efectivo,38,36-50,1,1,1,Bronce,Alto,0
Intermedio,7,27.079133147276714,32.96056852178494,2,189.553932030937,0.029141600866578757,Provincia,Web,Billetera,29,26-35,26,3,1,Oro,Medio,0
Intermedio,9,18.915516448299165,43.569602994098744,1,170.2396480346925,0.025059060755070695,Provincia,Web,Billetera,44,36-50,21,1,1,Oro,Alto,0
Intermedio,6,31.8168825676917,35.472201143821344,3,190.9012954061502,0.031774877850538084,Lima,Web,Transferencia,27,26-35,32,1,1,Oro,Medio,1
Intermedio,3,21.974218821970013,35.052948261804545,7,65.92265646591004,0.03164122898325256,Provincia,App,Efectivo,18,18-25,12,3,0,Bronce,Bajo,0
Intermedio,9,29.55209249842785,40.22858404814495,7,265.96883248585067,0.025806646730794854,Provincia,Web,Transferencia,30,26-35,20,1,1,Oro,Medio,0
Intermedio,7,32.868671082775535,31.359104091271536,2,230.08069757942874,0.028053777746292433,Lima,App,Tarjeta,26,26-35,1,2,1,Plata,Medio,0
Intermedio,1,27.283440053651997,31.102761315429063,1,27.283440053651997,0.029253080223264276,Lima,App,Billetera,29,26-35,25,2,0,Plata,Medio,1
Intermedio,9,17.519205934176753,44.66524723180627,3,157.67285340759076,0.025277911086311278,Provincia,App,Billetera,35,26-35,3,1,1,Plata,Medio,0
Intermedio,4,20.40893916745104,27.1510356922198,6,81.63575666980417,0.02978765482098911,Lima,Web,Billetera,25,18-25,18,4,0,Plata,Bajo,0
Intermedio,7,31.613722334425677,31.64265609820945,9,221.29605634097973,0.028409740634372162,Lima,Web,Transferencia,28,26-35,8,1,1,Plata,Alto,0
Intermedio,4,24.154386571785917,45.00577096292366,2,96.61754628714367,0.024040246179841584,Lima,Web,Billetera,34,26-35,21,1,1,Plata,Alto,0
Intermedio,5,25.39786767471083,38.23712559957907,2,126.98933837355415,0.023721095303298183,Lima,Web,Tarjeta,29,26-35,16,2,1,Plata,Medio,0
Intermedio,5,28.794122080818045,34.30837717577309,4,143.97061040409022,0.023646479732209,Lima,Web,Tarjeta,35,26-35,16,1,1,Plata,Medio,0
Intermedio,4,28.481614310401618,31.309407774477187,4,113.92645724160647,0.028676715630806,Lima,Web,Tarjeta,38,36-50,17,2,0,Plata,Medio,0
Intermedio,5,26.393999061927303,39.63881978003948,2,131.96999530963652,0.024436248645066043,Lima,App,Billetera,31,26-35,18,3,0,Plata,Bajo,0
Intermedio,6,23.95665814389767,36.3151775370956,6,143.73994886338602,0.031051861286103148,Provincia,Web,Billetera,43,36-50,32,2,1,Oro,Medio,0
Intermedio,7,23.436657771338215,28.189103999263715,4,164.0566043993675,0.030890522642951022,Lima,App,Transferencia,23,18-25,23,4,0,Oro,Bajo,1
Intermedio,5,29.289494126456717,30.88778557842205,2,146.44747063228357,0.037596562179178394,Lima,Web,Transferencia,29,26-35,11,2,1,Plata,Medio,0
Intermedio,5,27.767847655338965,56.06973385854378,6,138.83923827669483,0.023423881497527447,Provincia,App,Tarjeta,43,36-50,12,1,1,Plata,Alto,0
Intermedio,5,23.71349999691105,36.14360354301988,3,118.56749998455525,0.030727554180358087,Provincia,Web,Tarjeta,28,26-35,28,3,0,Oro,Medio,1
Intermedio,6,30.410561564965704,40.59262712077123,3,182.46336938979422,0.0281738792920337,Lima,App,Tarjeta,51,51+,7,1,0,Plata,Alto,0
Intermedio,5,24.35482942435108,27.599124726337088,3,121.7741471217554,0.030903587556140772,Lima,App,Transferencia,39,36-50,18,2,1,Plata,Medio,0
Intermedio,8,20.741689128328034,35.58656858773555,5,165.93351302662427,0.025786048364988837,Lima,App,Billetera,24,18-25,1,2,1,Plata,Medio,0
Intermedio,4,21.205146505483278,42.90729156105536,2,84.82058602193311,0.028987636907454702,Provincia,Web,Billetera,39,36-50,17,1,1,Plata,Medio,0
Intermedio,7,20.10629581845117,35.78735308289315,6,140.74407072915818,0.03248785590159473,Lima,App,Tarjeta,33,26-35,7,3,1,Plata,Bajo,0
Intermedio,9,23.637949916981565,34.39231137947091,3,212.7415492528341,0.026478387498012835,Lima,App,Tarjeta,19,18-25,12,2,0,Plata,Medio,0
Intermedio,10,31.168621391680965,35.437550738503944,3,311.68621391680966,0.03304137981062851,Provincia,App,Billetera,43,36-50,20,2,0,Oro,Medio,1
Intermedio,5,20.974524094847457,26.924433506843226,1,104.87262047423728,0.03062751762333094,Lima,App,Tarjeta,38,36-50,24,3,1,Plata,Bajo,1
Intermedio,10,25.942378805090513,30.825022724267946,4,259.42378805090516,0.03626809493670849,Provincia,Tienda,Efectivo,48,36-50,11,2,1,Plata,Medio,0
Intermedio,3,21.716553271862935,43.31847256028232,7,65.1496598155888,0.03299876158320955,Provincia,Web,Tarjeta,42,36-50,29,1,1,Plata,Alto,0
Intermedio,6,23.698454793642814,31.601714243438504,4,142.1907287618569,0.02723747948905995,Lima,Tienda,Efectivo,39,36-50,6,3,1,Plata,Bajo,0
Intermedio,10,17.44979394007374,25.48048918996914,1,174.49793940073738,0.03553425919796607,Lima,Web,Tarjeta,43,36-50,26,3,1,Oro,Bajo,0
Intermedio,5,23.897308854217314,25.8301134155672,1,119.48654427108657,0.03324974668263831,Lima,Web,Tarjeta,23,18-25,14,3,0,Plata,Medio,0
Intermedio,6,24.03147310097519,38.039717531686094,2,144.18883860585115,0.027785091172303288,Provincia,Web,Transferencia,50,36-50,28,1,1,Oro,Medio,1
Intermedio,8,27.701439720178477,45.840677237645224,4,221.61151776142782,0.02956343170523816,Provincia,Web,Tarjeta,40,36-50,14,1,1,Plata,Medio,0
Intermedio,7,26.116404566276852,56.93058717388036,8,182.81483196393796,0.02274373787857938,Provincia,Web,Tarjeta,18,18-25,11,1,1,Plata,Alto,0
Intermedio,2,19.008039375239775,39.02840715200878,3,38.01607875047955,0.023075723396282607,Lima,App,Billetera,19,18-25,24,2,0,Plata,Medio,1
Intermedio,11,30.420991220217715,35.50641159675451,4,334.63090342239485,0.030742451588155563,Provincia,Web,Billetera,36,36-50,22,2,1,Oro,Medio,1
Intermedio,7,26.05151520110998,35.896649885220675,3,182.36060640776986,0.026158459779693163,Lima,Tienda,Efectivo,29,26-35,13,2,1,Plata,Medio,0
Intermedio,5,25.991967585887434,36.46854870473241,4,129.95983792943716,0.02564291254678949,Lima,Web,Tarjeta,38,36-50,23,1,1,Plata,Alto,1
Intermedio,6,24.954088233074305,27.3070814321015,2,149.72452939844584,0.029752974824556067,Lima,Web,Tarjeta,26,26-35,17,4,0,Plata,Bajo,1
Intermedio,6,22.4112127638889,30.97755393640343,4,134.46727658333342,0.03331352971248811,Provincia,Tienda,Efectivo,26,26-35,19,2,1,Plata,Medio,0
Intermedio,2,26.08901169874363,38.44051350254783,3,52.17802339748726,0.027815787895265953,Provincia,Tienda,Efectivo,32,26-35,21,2,0,Plata,Medio,1
Intermedio,5,27.37794217964291,32.940842395258315,7,136.88971089821456,0.028321698113591698,Lima,Web,Tarjeta,60,51+,4,1,1,Bronce,Medio,0
Intermedio,7,16.265521543272225,45.446820474026374,3,113.85865080290557,0.029191163637614693,Provincia,Tienda,Efectivo,27,26-35,18,1,0,Plata,Alto,0
Intermedio,6,22.30619581326952,30.816680632656585,5,133.83717487961712,0.026476552681990017,Lima,App,Tarjeta,41,36-50,3,2,1,Bronce,Medio,0
Intermedio,7,23.725265147982054,40.58859247092273,3,166.07685603587439,0.030305710455594916,Lima,App,Tarjeta,25,18-25,8,1,0,Plata,Alto,0
Intermedio,9,26.28085302847139,26.115068932753267,1,236.52767725624253,0.03185523979071681,Lima,App,Tarjeta,30,26-35,17,4,0,Oro,Bajo,1
Intermedio,6,30.96655502963563,45.55972935533656,6,185.79933017781377,0.02744513369938037,Provincia,Web,Billetera,35,26-35,28,1,1,Oro,Alto,0
Intermedio,8,21.14129592701609,36.108684010239116,7,169.1303674161287,0.026635499318065345,Lima,App,Transferencia,31,26-35,16,2,1,Plata,Medio,0
Intermedio,3,22.51019076591079,36.356366920410856,5,67.53057229773236,0.031955599382527386,Lima,App,Tarjeta,31,26-35,14,2,1,Plata,Medio,0
Intermedio,6,22.43732944676725,41.65606577510549,4,134.6239766806035,0.02518107557592522,Provincia,App,Billetera,34,26-35,13,1,0,Plata,Alto,0
Intermedio,2,20.992362049477293,39.80761504593578,1,41.98472409895459,0.03458044785059123,Provincia,App,Tarjeta,19,18-25,22,1,1,Plata,Alto,0
Intermedio,1,23.264067524438687,41.80239807534206,8,23.264067524438687,0.02968456043363824,Provincia,Web,Tarjeta,33,26-35,7,1,1,Bronce,Alto,0
Intermedio,2,28.854011099939857,33.18849674792654,4,57.708022199879714,0.02859760285001019,Lima,App,Billetera,31,26-35,4,1,1,Bronce,Alto,0
Intermedio,6,19.730822523178272,36.29238767625966,1,118.38493513906963,0.029890804274401307,Provincia,Web,Tarjeta,38,36-50,32,2,1,Oro,Medio,0
Intermedio,8,27.139071975764516,36.356840078860586,3,217.11257580611613,0.029638623871112973,Lima,App,Billetera,29,26-35,22,2,1,Oro,Medio,0
Intermedio,7,16.490488849908324,47.44457949763631,3,115.43342194935826,0.022996806838814037,Lima,App,Transferencia,35,26-35,11,1,1,Plata,Alto,0
Intermedio,3,22.19331001778897,40.09831056282009,3,66.57993005336691,0.030678174507707448,Lima,Web,Billetera,29,26-35,12,2,0,Bronce,Medio,0
Intermedio,3,23.35255349891007,55.61285438031363,3,70.05766049673021,0.021850813319085532,Provincia,Tienda,Efectivo,32,26-35,12,1,0,Bronce,Alto,0
Intermedio,6,33.37429836457032,42.765509195867466,3,200.24579018742193,0.026491113856491468,Lima,Web,Tarjeta,36,36-50,5,1,1,Plata,Alto,0
Intermedio,3,23.62598847623656,35.45194244078619,5,70.87796542870969,0.027496533646617426,Lima,App,Billetera,23,18-25,15,1,1,Plata,Alto,0
Intermedio,6,13.993782632745408,35.89090331268647,9,83.96269579647245,0.02638177068932484,Lima,Tienda,Tarjeta,31,26-35,18,1,1,Plata,Alto,0
Intermedio,7,15.005555465693751,43.17223369475169,4,105.03888825985626,0.0216827030868619,Lima,Web,Transferencia,30,26-35,32,1,1,Oro,Medio,0
Intermedio,2,25.170147931733403,32.82461308446398,1,50.34029586346681,0.031224992699316865,Lima,Web,Transferencia,30,26-35,19,2,1,Plata,Medio,1
Intermedio,4,28.068854278949544,28.87916765498101,1,112.27541711579818,0.031727571009229745,Lima,App,Billetera,31,26-35,25,2,1,Plata,Medio,0
Intermedio,8,26.877279288136265,36.76720597681973,3,215.01823430509012,0.030320914852352974,Provincia,App,Billetera,24,18-25,15,1,1,Plata,Alto,0
Intermedio,9,25.837850529004953,37.75320803724082,2,232.54065476104458,0.0276789235879214,Lima,Web,Billetera,39,36-50,13,1,1,Plata,Medio,0
Intermedio,7,30.811297987528334,36.21270680725238,3,215.67908591269833,0.0343679040472257,Provincia,Web,Billetera,32,26-35,18,2,1,Plata,Medio,1
Intermedio,4,22.30204389631434,43.221520916216335,1,89.20817558525737,0.027709000223636093,Provincia,Web,Billetera,37,36-50,27,1,1,Plata,Alto,0
Intermedio,5,47.763672016450656,45.24846217742967,5,238.81836008225326,0.023378584942954583,Provincia,App,Tarjeta,21,18-25,12,1,0,Plata,Alto,1
Intermedio,7,16.839925574867912,36.353940978156196,4,117.87947902407538,0.02731820247190768,Lima,Web,Billetera,18,18-25,20,1,1,Plata,Alto,0
Intermedio,5,20.47526083530967,35.94959245600296,10,102.37630417654835,0.028711492943331602,Provincia,App,Billetera,39,36-50,20,1,1,Plata,Medio,0
Intermedio,2,15.964793025340919,35.20301409400572,4,31.929586050681838,0.02982638816567866,Lima,Web,Billetera,36,36-50,18,2,1,Plata,Medio,0
Intermedio,3,23.62577349665104,36.53995714956765,3,70.87732048995312,0.025256322108003795,Lima,App,Billetera,35,26-35,27,1,1,Plata,Alto,0
Intermedio,10,24.768693913668287,43.30979452074961,5,247.68693913668287,0.030584155310831945,Provincia,Web,Tarjeta,45,36-50,18,1,1,Oro,Medio,0
Intermedio,7,25.5705074611326,48.5227768000264,2,178.9935522279282,0.023049130958349515,Provincia,App,Tarjeta,23,18-25,17,1,1,Plata,Alto,0
Intermedio,4,25.309416764435674,41.36395691913601,3,101.2376670577427,0.022865798415922702,Lima,Web,Billetera,20,18-25,17,1,1,Plata,Alto,0
Intermedio,6,20.36223334594136,30.57422091794031,4,122.17340007564815,0.027007316653284166,Lima,App,Tarjeta,39,36-50,1,3,1,Bronce,Bajo,0
Intermedio,9,24.048795777933922,38.853734901435246,2,216.4391620014053,0.027813363703639467,Provincia,Web,Transferencia,39,36-50,16,3,0,Oro,Medio,0
Intermedio,4,17.51276665697126,40.48108228957195,1,70.05106662788504,0.024923584767035045,Provincia,App,Billetera,40,36-50,7,1,1,Bronce,Alto,0
Intermedio,9,31.81614487566125,35.87654047524311,5,286.3453038809513,0.024765229335170957,Lima,Tienda,Tarjeta,49,36-50,16,3,0,Oro,Bajo,0
Intermedio,9,23.481869635509995,34.110439569560675,6,211.33682671958996,0.030510098573811036,Lima,Tienda,Transferencia,27,26-35,18,1,1,Oro,Medio,1
Intermedio,10,22.555569404781544,38.96078847079725,7,225.55569404781545,0.029503938944320417,Lima,Web,Billetera,41,36-50,23,1,1,Oro,Medio,1
Intermedio,8,32.944701642220416,43.421628597168095,2,263.5576131377633,0.032562036100638195,Provincia,Tienda,Efectivo,34,26-35,38,1,0,Oro,Alto,1
Intermedio,5,18.788767332253855,43.9790944459375,5,93.94383666126927,0.026570121647418912,Lima,App,Billetera,39,36-50,31,1,1,Oro,Alto,0
Intermedio,6,19.372064429840155,41.29985174270706,5,116.23238657904093,0.025862172726007254,Provincia,Tienda,Tarjeta,51,51+,18,1,1,Plata,Medio,0
Intermedio,4,19.518898375657173,33.29692158953427,7,78.07559350262869,0.03267942090044045,Provincia,App,Billetera,31,26-35,24,2,1,Plata,Medio,0
Intermedio,4,24.66064309150259,33.77027343617684,5,98.64257236601036,0.029257556403613542,Provincia,App,Efectivo,25,18-25,14,2,1,Plata,Medio,0
Intermedio,10,27.158158148187987,37.695536188761395,4,271.5815814818799,0.032668011888483756,Provincia,App,Billetera,20,18-25,20,3,0,Oro,Bajo,1
Intermedio,4,28.69837734058917,35.12778679025328,7,114.79350936235667,0.03085962501162741,Lima,Tienda,Tarjeta,18,18-25,20,1,1,Plata,Alto,0
Intermedio,4,37.85997658747485,43.36055155301399,9,151.4399063498994,0.02617522285046327,Lima,Web,Transferencia,46,36-50,8,2,0,Bronce,Medio,1
Intermedio,7,13.75283772899618,37.32428371497338,3,96.26986410297326,0.03024247960465537,Lima,Web,Billetera,46,36-50,13,2,0,Plata,Medio,0
Intermedio,3,28.043677945622086,40.129075611544614,5,84.13103383686627,0.02873836053129186,Lima,Tienda,Tarjeta,44,36-50,1,1,1,Bronce,Alto,0
Intermedio,8,36.367943207451695,26.89219984057258,3,290.94354565961356,0.033908933997340386,Lima,Web,Billetera,32,26-35,16,2,1,Oro,Medio,0
Intermedio,8,22.067924255556132,30.632682220297166,1,176.54339404444906,0.027212394298120467,Lima,Web,Billetera,40,36-50,18,3,1,Oro,Bajo,0
Intermedio,7,21.90113935873061,37.905647454540365,5,153.30797551111428,0.027915099346875485,Provincia,App,Transferencia,33,26-35,17,1,1,Plata,Alto,1
Intermedio,5,20.456151645960134,44.602557307805505,3,102.28075822980067,0.030225942243242165,Provincia,Tienda,Efectivo,27,26-35,8,1,1,Plata,Alto,0
Intermedio,4,33.422624173017255,40.268921280306365,4,133.69049669206902,0.02837366992143039,Lima,Tienda,Efectivo,45,36-50,17,1,1,Plata,Alto,0
Intermedio,0,29.211486635069512,35.00529709439959,6,0.0,0.027232240712761296,Lima,Tienda,Efectivo,40,36-50,20,2,0,Bronce,Medio,0
Intermedio,4,25.115979892786875,24.65730907362919,3,100.4639195711475,0.03054318544260077,Lima,App,Tarjeta,37,36-50,23,4,0,Plata,Bajo,0
Intermedio,2,31.755078762435,33.80967017318149,4,63.51015752487,0.033228166381681766,Provincia,App,Transferencia,34,26-35,21,1,1,Plata,Alto,0
Intermedio,4,17.437355173505622,36.95822992954275,8,69.74942069402249,0.02313620636805306,Lima,App,Transferencia,32,26-35,15,2,0,Plata,Medio,0
Intermedio,8,18.34647434334537,42.62702644474348,6,146.77179474676296,0.029880261561858742,Provincia,App,Transferencia,34,26-35,17,2,0,Plata,Medio,0
Intermedio,5,14.110161339026561,38.59879742707763,2,70.5508066951328,0.02807966570568168,Provincia,App,Tarjeta,29,26-35,21,1,1,Plata,Alto,0
Intermedio,8,21.50292729938356,43.95508943381789,3,172.0234183950685,0.02497293000560584,Provincia,Web,Tarjeta,39,36-50,14,1,1,Plata,Alto,0
Intermedio,6,25.808492633523766,53.82358034931046,6,154.8509558011426,0.019953619507400194,Provincia,Web,Billetera,50,36-50,9,1,1,Plata,Alto,0
Intermedio,4,25.51429288966167,39.3879011234061,1,102.05717155864669,0.03223513161116424,Provincia,Tienda,Tarjeta,40,36-50,14,1,1,Plata,Alto,0
Intermedio,9,45.99067785376518,40.20220730654733,2,413.9161006838866,0.026455510174499083,Provincia,App,Tarjeta,40,36-50,22,1,1,Oro,Medio,0
Intermedio,6,17.94471584466959,28.079971510436703,4,107.66829506801756,0.03014791393337916,Lima,App,Tarjeta,22,18-25,25,2,1,Oro,Medio,0
Intermedio,6,29.01577371307011,28.76899253832054,1,174.09464227842068,0.02954660255438726,Lima,App,Transferencia,38,36-50,27,3,0,Oro,Bajo,0
Intermedio,4,26.19813759119499,37.074269562756356,2,104.79255036477996,0.030194009874924238,Provincia,App,Billetera,35,26-35,10,1,1,Bronce,Alto,0
Intermedio,2,28.665271407329993,27.86930163725144,4,57.330542814659985,0.03174867229943714,Lima,App,Billetera,40,36-50,37,4,0,Oro,Bajo,0
Intermedio,6,15.53618911204974,40.372247136808696,7,93.21713467229844,0.027905807644370766,Lima,App,Tarjeta,28,26-35,11,1,1,Plata,Medio,0
Intermedio,9,26.55745429398895,43.128859896520915,3,239.01708864590054,0.033220395889283924,Provincia,Tienda,Efectivo,44,36-50,16,2,0,Oro,Medio,0
Intermedio,3,19.061173800412366,44.256691618050894,3,57.1835214012371,0.025133692225200007,Provincia,App,Billetera,25,18-25,30,1,1,Plata,Alto,0
Intermedio,2,23.013383737243192,31.453244953665,3,46.026767474486384,0.02760904681821282,Lima,Web,Billetera,43,36-50,1,2,1,Bronce,Medio,0
Intermedio,4,27.671824493181916,37.30116458090927,6,110.68729797272766,0.026532419774611377,Lima,Web,Tarjeta,44,36-50,19,2,0,Plata,Medio,1
Intermedio,7,25.455468031279565,33.60080190582545,5,178.18827621895696,0.029295233821310766,Lima,Web,Billetera,25,18-25,15,1,1,Plata,Medio,0
Intermedio,4,20.742300101103407,30.3696251319719,4,82.96920040441363,0.028959331147732,Lima,Web,Tarjeta,37,36-50,4,3,1,Bronce,Bajo,0
Intermedio,4,25.03136578092209,38.99275575638112,2,100.12546312368836,0.026917715189115128,Provincia,Tienda,Efectivo,34,26-35,4,1,0,Bronce,Alto,0
Intermedio,8,17.342323423781785,43.18789670108548,5,138.73858739025428,0.03190423881934245,Provincia,Web,Tarjeta,38,36-50,29,1,1,Oro,Alto,0
Intermedio,5,30.75133697949148,34.38903263457977,6,153.7566848974574,0.028928456755651453,Provincia,Tienda,Billetera,36,36-50,23,3,1,Plata,Medio,0
Intermedio,8,23.973579902518743,38.8948057547569,2,191.78863922014995,0.030711072554874663,Lima,App,Billetera,29,26-35,27,1,1,Oro,Alto,1
Intermedio,4,30.59274972127663,34.26594957533184,4,122.37099888510652,0.030828302770051618,Lima,App,Tarjeta,26,26-35,8,2,0,Bronce,Medio,0
Intermedio,6,22.367341564519784,34.98603613756292,2,134.2040493871187,0.03628361840124644,Provincia,Web,Transferencia,46,36-50,21,1,1,Plata,Alto,0
Intermedio,6,22.382120057967086,42.468784309121595,3,134.29272034780251,0.024179524443532777,Lima,App,Tarjeta,25,18-25,41,1,1,Oro,Alto,1
Intermedio,3,21.17906606681077,29.067771731565944,6,63.53719820043231,0.030071710515862358,Lima,Web,Tarjeta,30,26-35,16,3,1,Plata,Bajo,0
Intermedio,7,29.38086965846538,53.55327906898077,3,205.66608760925766,0.024598125528670797,Provincia,Web,Tarjeta,24,18-25,19,1,0,Plata,Alto,0
Intermedio,8,21.452844213357622,43.722758010853504,1,171.62275370686098,0.02482919420919994,Provincia,App,Transferencia,38,36-50,18,1,0,Oro,Alto,1
Intermedio,11,28.222977162075882,25.211565861601517,3,310.4527487828347,0.03240860649320826,Lima,Web,Tarjeta,42,36-50,17,3,1,Oro,Bajo,1
Intermedio,8,23.08773801165355,34.797080746810565,7,184.7019040932284,0.03159921571343975,Lima,Tienda,Efectivo,39,36-50,10,1,1,Plata,Medio,0
Intermedio,3,15.120183500541902,48.67575938078381,6,45.36055050162571,0.021625356688973467,Lima,Tienda,Efectivo,30,26-35,18,1,1,Plata,Alto,0
Intermedio,6,22.14842966106767,59.38044751298331,1,132.89057796640603,0.023253811006644007,Provincia,Web,Transferencia,20,18-25,34,1,0,Oro,Alto,0
Intermedio,3,19.104458928185757,42.427018321292124,3,57.31337678455727,0.027875399015042424,Provincia,Web,Tarjeta,38,36-50,17,1,1,Plata,Alto,1
Intermedio,6,42.42553412852688,29.471452832113414,7,254.55320477116126,0.02700550114229449,Lima,Tienda,Tarjeta,43,36-50,30,2,1,Oro,Medio,0
Intermedio,9,19.047961321627547,28.844691879781045,4,171.43165189464793,0.029871598973644987,Lima,Web,Tarjeta,30,26-35,47,3,0,Platino,Bajo,1
Intermedio,5,29.629875503573082,48.34184376867512,3,148.14937751786542,0.026504521997319584,Provincia,App,Tarjeta,32,26-35,10,1,0,Plata,Alto,0
Intermedio,2,24.544620698234866,26.787340995743563,1,49.08924139646973,0.030182963938542404,Lima,App,Transferencia,18,18-25,23,3,1,Plata,Bajo,0
Intermedio,8,24.112020026206306,32.366093238864764,6,192.89616020965045,0.03588012243202327,Provincia,App,Billetera,25,18-25,6,1,1,Plata,Medio,0
Intermedio,9,28.279460688937913,34.53339579698557,4,254.51514620044122,0.03255867895228276,Provincia,App,Tarjeta,34,26-35,17,3,1,Oro,Bajo,1
Intermedio,5,29.819534670379312,43.558500123053676,6,149.09767335189656,0.027712828920816304,Provincia,App,Transferencia,30,26-35,43,1,1,Oro,Alto,0
Intermedio,7,24.89950624115174,40.20420244627149,6,174.29654368806217,0.0317705090997772,Provincia,Tienda,Tarjeta,38,36-50,24,1,1,Oro,Alto,1
Intermedio,7,21.143998502253545,42.05115625290021,2,148.00798951577482,0.027986988179475574,Lima,Web,Tarjeta,43,36-50,21,1,0,Oro,Alto,1
Intermedio,2,16.130151919439353,34.66349202970472,5,32.260303838878706,0.031544392138164144,Lima,Tienda,Efectivo,26,26-35,6,3,0,Bronce,Medio,0
Intermedio,5,21.5697512148241,41.614467450491226,4,107.8487560741205,0.030422337204879538,Provincia,Web,Billetera,36,36-50,12,1,1,Plata,Alto,0
Intermedio,2,21.913938766760193,38.168438565548435,6,43.827877533520386,0.02537255716569384,Lima,App,Billetera,26,26-35,10,1,1,Bronce,Alto,0
Intermedio,9,25.535287264961482,38.54220524083596,4,229.81758538465334,0.027034390471229304,Lima,App,Billetera,30,26-35,8,1,1,Plata,Alto,0
Intermedio,10,23.274265594309863,45.649993459852084,4,232.74265594309864,0.02780763830358834,Lima,Tienda,Tarjeta,38,36-50,26,1,1,Oro,Medio,1
Intermedio,6,28.43966486025714,46.3884659665172,2,170.63798916154283,0.02530629736898344,Lima,App,Transferencia,21,18-25,25,1,1,Oro,Alto,0
Intermedio,6,21.935083643646553,32.521384604440335,5,131.61050186187933,0.0263696151505957,Lima,Web,Billetera,29,26-35,16,2,0,Plata,Medio,0
Intermedio,13,24.71479416573529,46.87284450792701,5,321.2923241545588,0.02393131530724236,Provincia,App,Transferencia,28,26-35,13,1,1,Oro,Medio,1
Intermedio,10,30.919937215984447,35.7204852593522,3,309.1993721598445,0.029273522261387498,Lima,App,Billetera,34,26-35,25,2,0,Oro,Medio,0
Intermedio,5,26.709126069774833,27.826107081057053,4,133.54563034887417,0.02917028613993001,Lima,App,Tarjeta,40,36-50,35,2,1,Oro,Medio,0
Intermedio,8,24.699812291557176,24.952931506906907,5,197.5984983324574,0.03247221043268645,Lima,Web,Billetera,21,18-25,28,3,1,Oro,Bajo,1
Intermedio,7,21.990277790324114,36.71288806214345,6,153.9319445322688,0.029168059452009377,Lima,Tienda,Efectivo,31,26-35,19,3,0,Plata,Medio,1
Intermedio,7,21.833843016425114,48.388266151130686,5,152.8369011149758,0.02508838665135082,Provincia,Web,Transferencia,33,26-35,27,1,1,Oro,Alto,1
Intermedio,5,20.746933735240262,37.76339592977218,7,103.73466867620131,0.024271874417365794,Lima,Web,Transferencia,33,26-35,28,2,0,Oro,Medio,0
Intermedio,4,22.294965671085503,34.49625627771867,5,89.17986268434201,0.02509963256959364,Lima,Tienda,Efectivo,39,36-50,20,4,0,Plata,Bajo,0
Intermedio,6,28.77832919372157,34.108479037187216,2,172.66997516232942,0.034694234896355106,Lima,Web,Billetera,24,18-25,20,3,0,Plata,Bajo,0
Intermedio,4,23.890558643538657,42.6113961993918,7,95.56223457415463,0.024793850998604247,Provincia,Tienda,Tarjeta,34,26-35,13,1,1,Plata,Alto,0
Intermedio,7,18.251134653093843,24.437708978076817,1,127.7579425716569,0.03490897858261619,Lima,App,Tarjeta,28,26-35,26,4,0,Oro,Bajo,1
Intermedio,4,33.84084646529892,32.26195887644218,5,135.36338586119567,0.025257328420500123,Lima,Tienda,Efectivo,42,36-50,16,3,1,Plata,Bajo,1
Intermedio,6,26.599825955725816,30.827851377048056,6,159.5989557343549,0.028961278917275842,Lima,Web,Tarjeta,35,26-35,8,3,1,Plata,Bajo,0
Intermedio,5,17.96528299743415,36.590840535611676,4,89.82641498717075,0.025766466541369538,Lima,App,Tarjeta,27,26-35,9,2,0,Plata,Medio,0
Intermedio,5,22.79075536379588,28.462795955909275,4,113.9537768189794,0.03260493197086615,Lima,App,Billetera,41,36-50,18,2,1,Plata,Medio,0
Intermedio,3,25.55443191414209,50.09690625792706,4,76.66329574242627,0.024579282244459953,Provincia,App,Billetera,27,26-35,9,1,1,Bronce,Alto,0
Intermedio,4,33.522960466486886,33.9254783363307,1,134.09184186594754,0.033178389132905224,Lima,App,Billetera,25,18-25,45,3,1,Oro,Bajo,1
Intermedio,10,19.459437708705654,35.989386243539485,6,194.59437708705653,0.03000643906082501,Provincia,Web,Billetera,39,36-50,23,2,1,Oro,Medio,1
Intermedio,8,29.880203596779733,31.071116460993675,3,239.04162877423786,0.031242558911978104,Lima,Web,Billetera,30,26-35,13,2,1,Plata,Medio,1
Intermedio,2,31.997432134861715,34.36807788057977,3,63.99486426972343,0.03450315047195653,Lima,Tienda,Transferencia,37,36-50,20,2,1,Plata,Medio,0
Intermedio,7,21.85672847462715,49.41463929160735,5,152.99709932239006,0.027489058463131443,Provincia,Web,Transferencia,48,36-50,25,1,1,Oro,Alto,1
Intermedio,2,23.612431905698834,40.22208467675785,5,47.22486381139767,0.023135104409544433,Lima,Web,Tarjeta,30,26-35,20,1,1,Plata,Medio,0
Intermedio,6,19.81845376313115,53.097094477709774,3,118.9107225787869,0.021428133274085732,Provincia,App,Billetera,23,18-25,8,1,1,Plata,Alto,0
Intermedio,6,23.982694294598474,43.879277052073434,2,143.89616576759084,0.027481116719456904,Provincia,Web,Tarjeta,32,26-35,17,1,1,Plata,Alto,0
Intermedio,3,24.817050128285345,41.14598578616259,3,74.45115038485604,0.024711661186373732,Provincia,Web,Tarjeta,32,26-35,16,1,1,Plata,Alto,0
Intermedio,3,28.298249990411854,31.466342536312798,3,84.89474997123557,0.0270794451102046,Lima,Web,Billetera,40,36-50,13,2,1,Plata,Medio,0
Intermedio,11,30.450917355102234,34.106695998924856,4,334.9600909061246,0.026318883480712214,Lima,Web,Billetera,23,18-25,10,3,1,Oro,Bajo,0
Intermedio,7,21.259519676891763,32.08080709059387,1,148.81663773824235,0.028875524645332426,Lima,Web,Tarjeta,56,51+,27,2,1,Oro,Medio,1
Intermedio,8,15.163374678870028,29.85843562173204,6,121.30699743096022,0.02718846204633683,Lima,App,Tarjeta,25,18-25,23,2,1,Oro,Medio,0
Intermedio,7,24.89377610361879,33.33619466539115,6,174.25643272533154,0.026212378317474465,Lima,Web,Efectivo,38,36-50,23,1,1,Oro,Alto,1
Intermedio,3,26.467687649843203,31.178609442087037,5,79.40306294952961,0.02968578097966431,Lima,Web,Tarjeta,41,36-50,1,3,1,Bronce,Medio,1
Intermedio,4,26.24708843842521,34.60115089859223,5,104.98835375370084,0.028019035056150388,Lima,Web,Tarjeta,36,36-50,14,3,1,Plata,Bajo,0
Intermedio,4,23.36663376245478,30.632605842762857,3,93.46653504981911,0.027959296110983422,Lima,App,Transferencia,36,36-50,30,1,1,Oro,Alto,1
Intermedio,6,25.623760498319673,43.925582430745536,1,153.74256298991804,0.025441658756167954,Provincia,App,Tarjeta,32,26-35,22,1,0,Plata,Alto,0
Intermedio,5,32.57722404176124,44.57992881313524,1,162.8861202088062,0.03151008491690448,Provincia,Web,Tarjeta,39,36-50,6,2,0,Bronce,Medio,0
Intermedio,11,26.908670844812548,29.33497681656993,3,295.995379292938,0.027937774958326184,Lima,Web,Billetera,31,26-35,35,4,0,Platino,Bajo,1
Intermedio,10,23.133157874984576,47.64591851908267,1,231.33157874984576,0.022910545702072783,Provincia,App,Billetera,26,26-35,1,1,1,Plata,Medio,1
Intermedio,5,22.49901091452002,37.791137990045335,4,112.49505457260011,0.02459646993887527,Lima,Web,Tarjeta,20,18-25,19,1,1,Plata,Alto,1
Intermedio,1,24.150738211611348,43.52077833488189,1,24.150738211611348,0.0241565054405784,Lima,App,Transferencia,34,26-35,35,2,0,Plata,Medio,0
Intermedio,5,33.1836998091532,31.26491407444404,4,165.918499045766,0.02770257501275205,Lima,App,Tarjeta,28,26-35,2,3,1,Bronce,Bajo,0
Intermedio,4,24.083496452369012,38.723204778136626,5,96.33398580947605,0.02682116353875932,Provincia,Web,Billetera,37,36-50,13,2,0,Plata,Medio,0
Intermedio,4,24.90102827739646,36.51315411150911,7,99.60411310958584,0.024994410833073584,Lima,Web,Tarjeta,31,26-35,4,2,1,Bronce,Medio,1
Intermedio,7,22.588432145318485,40.861905624218295,7,158.1190250172294,0.023673669571810503,Lima,Web,Billetera,44,36-50,32,2,1,Oro,Medio,1
Intermedio,9,30.494916787209824,38.96072774096468,4,274.4542510848884,0.035469057277851705,Provincia,App,Billetera,30,26-35,10,2,0,Plata,Medio,0
Intermedio,4,34.79918627372338,34.04414647357151,3,139.19674509489352,0.032532772536352804,Lima,App,Transferencia,26,26-35,28,3,0,Oro,Medio,0
Intermedio,6,27.25306524715694,49.82579226700387,3,163.51839148294164,0.02424961011874407,Provincia,App,Tarjeta,28,26-35,32,1,0,Oro,Alto,0
Intermedio,6,25.413864518927127,33.43120642038111,5,152.48318711356276,0.028659501202742514,Lima,App,Billetera,35,26-35,5,1,1,Plata,Medio,0
Intermedio,5,25.183914165871172,38.24828578963422,7,125.91957082935586,0.03001820588310089,Provincia,Web,Tarjeta,57,51+,3,3,0,Bronce,Bajo,0
Intermedio,8,13.07846605607127,38.894152557540615,2,104.62772844857017,0.03227539322470787,Provincia,App,Tarjeta,42,36-50,23,2,1,Oro,Medio,0
Intermedio,6,28.725754321424088,37.267575861828405,5,172.35452592854452,0.029603374117472898,Provincia,Tienda,Tarjeta,26,26-35,26,2,1,Oro,Medio,0
Intermedio,4,25.670832079979217,41.919836734613256,7,102.68332831991687,0.03290499490249783,Provincia,Web,Transferencia,36,36-50,17,2,1,Plata,Medio,0
Intermedio,7,27.141710253303625,48.72805884706418,4,189.99197177312539,0.022540607252309316,Provincia,Web,Tarjeta,28,26-35,18,1,0,Plata,Alto,0
Intermedio,5,21.442689029581476,35.9730410183367,2,107.21344514790738,0.027847197908866295,Lima,Tienda,Billetera,33,26-35,33,2,1,Oro,Medio,0
Intermedio,2,23.07771560511454,38.271328917995646,5,46.15543121022908,0.027957796606649692,Provincia,App,Tarjeta,29,26-35,16,2,1,Plata,Medio,1
Intermedio,2,22.944875317484136,40.686694305453656,5,45.88975063496827,0.02607405097703017,Provincia,App,Billetera,30,26-35,32,1,1,Plata,Alto,0
Intermedio,10,30.108114920365196,36.788106077343706,3,301.081149203652,0.025094492888204662,Lima,Web,Tarjeta,41,36-50,12,1,1,Oro,Medio,1
Intermedio,10,23.106200816984533,43.16464714930807,8,231.06200816984534,0.02513601561417544,Provincia,App,Tarjeta,29,26-35,42,1,1,Platino,Medio,1
Intermedio,7,35.413301610548984,38.10880736272262,2,247.8931112738429,0.024817290284672392,Lima,Tienda,Tarjeta,37,36-50,9,1,1,Plata,Alto,0
Intermedio,6,27.154312095075188,28.706201481607085,4,162.92587257045113,0.029871595932086558,Lima,Tienda,Billetera,36,36-50,30,4,0,Oro,Bajo,1
Intermedio,6,18.621586700021343,29.878783041048248,4,111.72952020012806,0.028728588082563896,Lima,Tienda,Tarjeta,30,26-35,8,1,1,Plata,Medio,0
Intermedio,6,24.357268533740214,33.60215693109827,6,146.1436112024413,0.025591072771345393,Lima,Tienda,Efectivo,32,26-35,26,3,0,Oro,Bajo,1
Intermedio,8,21.74162438921792,25.686506196592898,4,173.93299511374337,0.029506842910501922,Lima,Web,Tarjeta,29,26-35,18,3,1,Oro,Bajo,0
Intermedio,4,14.028087650899879,35.99045022424462,1,56.112350603599516,0.02779354793578212,Lima,Web,Billetera,39,36-50,21,1,1,Plata,Alto,0
Intermedio,3,32.99735470056895,32.30285649962934,2,98.99206410170684,0.026599242864925814,Lima,App,Tarjeta,28,26-35,25,2,1,Plata,Medio,0
Intermedio,6,28.51571271110002,35.39804643530056,6,171.0942762666001,0.025548826915083003,Lima,Web,Tarjeta,48,36-50,20,2,1,Plata,Medio,0
Intermedio,7,27.666036589496564,42.485397874461604,5,193.66225612647594,0.03461492059509522,Provincia,App,Transferencia,25,18-25,20,1,1,Oro,Alto,1
Intermedio,7,25.827018301498523,32.25176536326318,8,180.78912811048966,0.025734075704067237,Lima,Web,Tarjeta,28,26-35,1,2,1,Bronce,Medio,0
Intermedio,2,18.089912156537814,37.478855881942295,4,36.17982431307563,0.028518381311498472,Lima,Tienda,Efectivo,27,26-35,32,2,1,Plata,Medio,0
Intermedio,6,22.581914302222817,37.41855519277939,4,135.4914858133369,0.02575339573410712,Lima,App,Tarjeta,30,26-35,33,2,0,Oro,Medio,1
Intermedio,8,29.208903873920065,39.04460847709973,4,233.67123099136052,0.025570394461842262,Lima,App,Billetera,27,26-35,17,2,0,Oro,Medio,0
Intermedio,11,19.743899851087487,37.55656501504324,3,217.18289836196237,0.02356730786017667,Lima,Web,Tarjeta,31,26-35,24,3,0,Oro,Bajo,0
Intermedio,8,12.341153418745932,36.144284161235014,3,98.72922734996746,0.02414653201808072,Lima,Web,Tarjeta,42,36-50,32,2,1,Oro,Medio,1
Intermedio,9,23.86446996109537,53.53729885393661,7,214.78022964985834,0.0241625929971985,Provincia,Web,Billetera,33,26-35,24,1,1,Oro,Alto,0
Intermedio,5,24.291212229862307,51.5744628239816,3,121.45606114931154,0.023937944454374405,Provincia,Web,Tarjeta,31,26-35,13,1,1,Plata,Alto,0
Intermedio,4,25.677817082073545,43.52791809501189,3,102.71126832829418,0.02690666266100567,Lima,Web,Transferencia,36,36-50,6,1,1,Bronce,Alto,0
Intermedio,10,28.64259321757268,31.872960355616275,6,286.4259321757268,0.027678795063533924,Lima,App,Transferencia,32,26-35,24,3,0,Oro,Bajo,1
Intermedio,5,28.188029061156044,40.547538472576996,3,140.94014530578022,0.02532205325934369,Provincia,Web,Billetera,40,36-50,19,1,1,Plata,Alto,0
Intermedio,2,26.293849026219608,41.61558964811553,3,52.587698052439215,0.025688236796179563,Lima,Web,Tarjeta,41,36-50,18,1,1,Plata,Alto,0
Intermedio,9,30.977656940433548,39.72173538893377,2,278.79891246390196,0.028765608714773367,Lima,App,Transferencia,35,26-35,10,1,1,Plata,Alto,1
Intermedio,8,17.405151095933427,38.16671691120005,5,139.2412087674674,0.026582104642800385,Provincia,App,Tarjeta,39,36-50,15,2,0,Plata,Medio,1
Intermedio,6,27.522909072386952,43.02933371963945,5,165.1374544343217,0.027886524274771923,Provincia,Tienda,Efectivo,31,26-35,21,1,0,Plata,Alto,0
Intermedio,3,28.132691816684712,29.124496708676492,6,84.39807545005414,0.030689656393775126,Lima,Tienda,Efectivo,35,26-35,15,2,1,Plata,Medio,0
Intermedio,3,18.8021885695988,36.41278496653702,3,56.40656570879641,0.024294344663770853,Lima,Web,Tarjeta,35,26-35,18,2,1,Plata,Medio,0
Intermedio,8,17.485646956588052,40.522256325326694,6,139.88517565270442,0.027608448285247028,Lima,Tienda,Efectivo,37,36-50,18,1,1,Plata,Alto,0
Intermedio,4,21.27028936762199,46.50344294830729,2,85.08115747048797,0.022627079489206125,Lima,App,Transferencia,56,51+,25,1,1,Plata,Alto,0
Intermedio,3,21.69229278742354,40.73948405945398,4,65.07687836227062,0.03390056789685872,Provincia,Tienda,Efectivo,45,36-50,4,1,1,Bronce,Alto,0
Intermedio,4,28.767097317512153,30.15665184160333,9,115.06838927004861,0.029609552240074465,Lima,App,Tarjeta,39,36-50,14,3,1,Plata,Medio,0
Intermedio,6,21.927306081544526,48.84573563184275,4,131.56383648926715,0.02767740463445653,Provincia,Web,Tarjeta,32,26-35,7,1,0,Plata,Alto,1
Intermedio,5,20.71825740859398,35.36055914520829,4,103.59128704296991,0.02466120170410421,Lima,App,Tarjeta,30,26-35,20,1,1,Plata,Medio,0
Intermedio,7,21.941831316527203,39.34687466463938,1,153.5928192156904,0.026597246088029866,Lima,Web,Tarjeta,40,36-50,10,2,0,Plata,Medio,0
Intermedio,10,30.59316167077106,38.475379700766915,1,305.9316167077106,0.026851482905391744,Lima,App,Tarjeta,43,36-50,27,1,1,Oro,Medio,0
Intermedio,8,25.06521687188476,27.083730013269065,4,200.5217349750781,0.03175516026607823,Lima,App,Tarjeta,24,18-25,14,4,0,Plata,Bajo,0
Intermedio,7,24.10374487321544,27.636375767962374,2,168.72621411250807,0.0318753196503834,Lima,App,Transferencia,27,26-35,12,4,0,Plata,Bajo,0
Intermedio,5,24.449972506494742,41.33858023019952,4,122.24986253247371,0.026816827570481008,Provincia,App,Tarjeta,29,26-35,10,2,0,Plata,Medio,0
Intermedio,5,31.460301671632614,30.075838460450655,2,157.30150835816306,0.032740108728278886,Provincia,App,Billetera,33,26-35,21,3,0,Plata,Bajo,1
Intermedio,6,21.25414136698379,44.32670693045453,3,127.52484820190276,0.029522483571672777,Provincia,Web,Billetera,40,36-50,5,1,1,Plata,Medio,0
Intermedio,6,31.57754145470052,40.52307618195019,4,189.4652487282031,0.02631324864122926,Provincia,App,Tarjeta,37,36-50,17,1,1,Plata,Medio,1
Intermedio,3,73.59572064771565,36.71670848523471,4,220.78716194314694,0.031181106406630937,Provincia,App,Tarjeta,35,26-35,17,2,1,Plata,Medio,0
Intermedio,7,24.197903090123262,37.97276011805897,4,169.38532163086285,0.02357299471014881,Lima,App,Transferencia,25,18-25,13,2,1,Plata,Medio,0
Intermedio,4,37.50450248967141,42.881160901525426,4,150.01800995868564,0.024452421414076737,Lima,App,Tarjeta,30,26-35,20,1,1,Plata,Alto,1
Intermedio,7,19.721802551007016,36.071402206020494,4,138.0526178570491,0.03365380731500199,Provincia,Web,Billetera,23,18-25,13,1,1,Plata,Alto,1
Intermedio,6,23.23157120216497,30.131322444073227,6,139.38942721298983,0.03098803967506848,Lima,Web,Tarjeta,42,36-50,21,2,1,Plata,Medio,0
Intermedio,7,18.837843804179997,26.818497759610704,5,131.86490662925996,0.037234391694112745,Lima,Web,Tarjeta,34,26-35,13,3,1,Plata,Bajo,0
Intermedio,4,29.762309852680847,36.24153136405403,4,119.04923941072339,0.030423216250995932,Provincia,App,Tarjeta,22,18-25,11,3,0,Plata,Bajo,0
Intermedio,3,33.44594466825839,40.57801279520427,6,100.33783400477517,0.0255979987484319,Provincia,Web,Tarjeta,53,51+,21,1,0,Plata,Alto,0
Intermedio,4,33.3496139070232,39.999739498313666,2,133.3984556280928,0.02911681121058127,Lima,Web,Tarjeta,18,18-25,26,1,1,Plata,Alto,0
Intermedio,6,31.11974376573002,33.44427429065377,6,186.71846259438013,0.02642483435195665,Lima,App,Tarjeta,30,26-35,47,1,1,Platino,Medio,0
Intermedio,5,24.01189766102017,31.45434461911548,4,120.05948830510086,0.03343289345112226,Lima,App,Tarjeta,42,36-50,15,2,1,Plata,Medio,0
Intermedio,5,23.173795112550767,33.7818019286946,2,115.86897556275383,0.025515475749246307,Lima,App,Transferencia,27,26-35,26,2,1,Oro,Medio,0
Intermedio,12,16.644151137529676,29.019618617867064,10,199.7298136503561,0.029603698466625816,Lima,App,Tarjeta,32,26-35,14,2,1,Oro,Medio,0
Intermedio,6,35.17936767590896,37.21485457772223,4,211.07620605545378,0.027740267750559218,Provincia,App,Billetera,35,26-35,26,2,0,Oro,Medio,1
Intermedio,4,27.34489039074234,38.18778543923261,5,109.37956156296936,0.028067416366716672,Lima,App,Tarjeta,18,18-25,31,2,1,Oro,Medio,0
Intermedio,6,22.540215475652584,24.572415966369537,6,135.2412928539155,0.03234800667065372,Lima,App,Tarjeta,22,18-25,19,3,1,Plata,Medio,0
Intermedio,6,31.64028444493484,37.6547186138626,5,189.84170666960904,0.03185965168597624,Provincia,Web,Tarjeta,34,26-35,25,1,1,Oro,Alto,0
Intermedio,9,20.136177416199995,35.28734176275647,2,181.22559674579995,0.02508077396433264,Lima,Tienda,Efectivo,35,26-35,22,1,1,Oro,Medio,1
Intermedio,9,27.03311017111337,41.13733909070531,1,243.29799154002035,0.026598596510208326,Provincia,Web,Transferencia,23,18-25,18,1,0,Oro,Medio,1
Intermedio,5,24.136854328545827,43.45359100556356,4,120.68427164272913,0.024875500504160496,Lima,Web,Tarjeta,34,26-35,14,1,1,Plata,Alto,0
Intermedio,7,28.193385699401503,47.26115741982843,4,197.3536998958105,0.02681063409360731,Provincia,App,Tarjeta,35,26-35,14,1,0,Plata,Alto,0
Intermedio,10,24.68213230406939,40.32049606661547,7,246.82132304069393,0.02734335076842356,Lima,App,Billetera,41,36-50,5,1,1,Plata,Medio,0
Intermedio,2,17.74536054444388,27.59974812371167,2,35.49072108888776,0.03436903559985374,Lima,App,Billetera,33,26-35,28,3,1,Plata,Bajo,0
Intermedio,5,25.37788186335019,30.35040735184496,1,126.88940931675094,0.028638087227243106,Lima,Web,Tarjeta,27,26-35,37,2,1,Oro,Medio,0
Intermedio,5,30.24432070937681,43.308084444390225,6,151.22160354688407,0.027862555237766446,Provincia,Web,Transferencia,39,36-50,4,1,1,Bronce,Alto,0
Intermedio,5,24.853917970730073,46.327172103695325,3,124.26958985365036,0.022824573472578425,Lima,Web,Tarjeta,40,36-50,28,1,1,Oro,Alto,1
Intermedio,7,28.87557560794543,36.31734874871072,1,202.129029255618,0.025807899167381482,Lima,App,Tarjeta,30,26-35,18,2,0,Plata,Medio,0
Intermedio,4,19.772352571629735,44.47871911038387,3,79.08941028651894,0.023728032296736937,Provincia,App,Billetera,28,26-35,12,1,0,Plata,Alto,0
Intermedio,7,24.86869603365074,31.51097992911322,4,174.08087223555518,0.026048347780540843,Lima,Web,Billetera,30,26-35,19,3,0,Plata,Bajo,0
Intermedio,4,21.877447724557115,34.15990970204165,1,87.50979089822846,0.03016155697875669,Provincia,Web,Tarjeta,39,36-50,10,1,1,Bronce,Alto,0
Intermedio,8,28.734904200523548,40.317632764716826,3,229.87923360418839,0.027420927265327386,Provincia,App,Billetera,30,26-35,20,1,1,Oro,Alto,0
Intermedio,5,25.15745781130998,48.95840757486075,5,125.7872890565499,0.027067339377508177,Provincia,Web,Transferencia,37,36-50,15,1,1,Plata,Alto,0
Intermedio,7,28.450368381683063,37.83723348488513,1,199.15257867178144,0.03101412043910242,Provincia,App,Tarjeta,25,18-25,15,1,1,Plata,Alto,0
Intermedio,5,30.43855213078933,31.48600045785257,2,152.19276065394664,0.029017089199297876,Lima,Web,Tarjeta,35,26-35,30,3,1,Oro,Bajo,1
Intermedio,8,28.45809287560694,39.74878059496474,5,227.66474300485552,0.028427720737016677,Provincia,App,Efectivo,22,18-25,1,1,1,Plata,Alto,0
Intermedio,5,26.365592171468222,49.72436940226574,7,131.8279608573411,0.02357240820874625,Lima,Web,Tarjeta,29,26-35,12,1,1,Plata,Medio,0
Intermedio,3,20.008938707442972,17.91401611251219,6,60.02681612232892,0.036131034096553584,Lima,Web,Transferencia,34,26-35,1,3,1,Bronce,Bajo,0
Intermedio,8,24.986069446665493,38.26845972476794,1,199.88855557332394,0.0244958306815006,Lima,Tienda,Tarjeta,30,26-35,19,3,0,Oro,Bajo,1
Intermedio,12,22.334547989920836,23.346059274967935,2,268.01457587905,0.031005041703010834,Lima,Tienda,Tarjeta,33,26-35,13,3,1,Oro,Bajo,0
Intermedio,10,23.279680216478866,30.320263437296813,2,232.79680216478866,0.03277433079572223,Lima,Web,Billetera,40,36-50,11,3,1,Plata,Bajo,1
Intermedio,3,23.127329246248745,50.59432939442872,2,69.38198773874623,0.02455809638272034,Provincia,Web,Billetera,32,26-35,21,1,0,Plata,Alto,0
Intermedio,3,20.10037212608878,41.52804938533613,8,60.301116378266336,0.025688719530502415,Provincia,App,Transferencia,28,26-35,24,1,1,Plata,Medio,0
Intermedio,9,15.21330705433005,42.35151208431393,7,136.91976348897046,0.02437949622559543,Provincia,App,Transferencia,24,18-25,30,1,0,Oro,Medio,0
Intermedio,7,21.659284758361167,34.080814347859636,2,151.61499330852817,0.02550837698544729,Lima,App,Billetera,27,26-35,47,2,1,Platino,Medio,1
Intermedio,4,74.65875721849639,38.26428836832155,2,298.63502887398556,0.022604295083767198,Lima,App,Transferencia,31,26-35,12,2,1,Plata,Medio,1
Intermedio,5,18.25911477286255,38.30345098551758,4,91.29557386431274,0.026154118924719798,Provincia,Web,Tarjeta,39,36-50,11,2,0,Plata,Alto,0
Intermedio,3,25.07841118235812,41.5980955681153,7,75.23523354707436,0.0282692780504704,Lima,App,Tarjeta,19,18-25,18,1,0,Plata,Medio,0
Intermedio,4,34.50134212155483,40.796932915915285,8,138.0053684862193,0.026758211496436524,Provincia,App,Transferencia,37,36-50,19,1,0,Plata,Alto,1
Intermedio,5,30.115282776261196,50.08960795006488,3,150.576413881306,0.024405794254623584,Provincia,Web,Tarjeta,31,26-35,35,1,0,Oro,Alto,0
Intermedio,4,33.21770754560265,28.729121298822097,4,132.8708301824106,0.03041131421170381,Lima,Web,Tarjeta,33,26-35,23,2,1,Plata,Medio,0
Intermedio,4,26.95563938466363,35.35724225012811,2,107.82255753865452,0.02994689307534506,Lima,Web,Billetera,40,36-50,9,3,0,Bronce,Medio,0
Intermedio,8,30.83754911493223,29.10873686459886,3,246.70039291945784,0.02876525714067736,Lima,Web,Tarjeta,52,51+,8,4,0,Plata,Bajo,0
Intermedio,7,21.380176347661063,22.169208771947652,3,149.66123443362744,0.03625596431717517,Lima,App,Tarjeta,35,26-35,25,3,1,Oro,Bajo,1
Intermedio,4,21.77829866489008,31.836917935869366,7,87.11319465956032,0.027358049343252772,Lima,App,Tarjeta,27,26-35,16,2,0,Plata,Medio,0
Intermedio,5,11.304298969312637,31.965866963719694,2,56.521494846563186,0.03514260936079198,Provincia,Web,Tarjeta,35,26-35,32,3,1,Oro,Bajo,0
Intermedio,6,30.930727370211493,30.334566439361012,6,185.58436422126897,0.02761497427094795,Lima,App,Billetera,34,26-35,23,3,1,Oro,Medio,1
Intermedio,4,32.70161989909943,42.829807951727474,2,130.8064795963977,0.025341374270788586,Lima,Web,Transferencia,23,18-25,8,1,1,Bronce,Alto,0
Intermedio,3,22.23411377326365,37.042079939515055,2,66.70234131979095,0.029331969535066126,Lima,Web,Billetera,25,18-25,6,3,0,Bronce,Bajo,0
Intermedio,7,23.730241468013823,39.93514548134839,3,166.11169027609677,0.023414562793877828,Lima,Tienda,Efectivo,39,36-50,21,1,1,Oro,Alto,0
Intermedio,9,21.230689431545194,35.72998106193758,7,191.07620488390674,0.03315870148200135,Provincia,Web,Transferencia,38,36-50,15,1,1,Plata,Medio,1
Intermedio,9,26.91326775738746,36.071750541646416,3,242.21940981648714,0.024530821829588392,Lima,Web,Transferencia,37,36-50,29,2,1,Oro,Medio,1
Intermedio,7,30.624662726516206,54.04397998620658,2,214.37263908561346,0.02583942723937423,Provincia,App,Tarjeta,36,36-50,21,1,1,Oro,Alto,1
Intermedio,7,16.286140130594795,35.60394322235715,6,114.00298091416357,0.034321957873025645,Provincia,Tienda,Efectivo,33,26-35,21,1,1,Plata,Alto,0
Intermedio,7,27.047192653211262,51.204350317170466,1,189.33034857247884,0.021347826083879088,Provincia,Web,Transferencia,43,36-50,6,1,1,Plata,Alto,1
Intermedio,9,23.616641141404273,36.468437927962746,2,212.54977027263845,0.027975925931750807,Lima,App,Billetera,46,36-50,13,2,1,Plata,Medio,0
Intermedio,6,25.566971959833445,28.141039277491853,3,153.4018317590007,0.030778640593865276,Lima,Web,Billetera,29,26-35,18,4,0,Plata,Bajo,1
Intermedio,3,27.294970008371454,42.903836596098564,3,81.88491002511437,0.032925440659381924,Provincia,App,Tarjeta,21,18-25,1,2,0,Bronce,Medio,0
Intermedio,7,24.058987806135896,38.10597074395299,1,168.41291464295128,0.028473862564590422,Provincia,App,Tarjeta,30,26-35,24,1,1,Oro,Alto,1
Intermedio,2,24.482065732971098,47.70678446695241,4,48.964131465942195,0.028176655505822917,Provincia,App,Transferencia,38,36-50,27,1,1,Plata,Alto,0
Intermedio,3,23.930624162226806,26.1568270768806,5,71.79187248668042,0.027464543051376786,Lima,Web,Tarjeta,39,36-50,13,3,1,Bronce,Medio,0
Intermedio,5,29.85158100894141,31.391728912361614,3,149.25790504470706,0.028728354849881406,Lima,Web,Tarjeta,35,26-35,31,3,1,Oro,Bajo,1
Intermedio,5,27.093799800637484,54.30544235014393,1,135.46899900318743,0.025951848104029562,Provincia,Web,Tarjeta,18,18-25,30,1,1,Oro,Alto,1
Intermedio,6,26.102917688686805,34.36523006035097,4,156.61750613212084,0.029028013792085854,Lima,Web,Tarjeta,28,26-35,23,1,1,Oro,Alto,0
Intermedio,8,18.645241394538587,25.13934325076847,5,149.1619311563087,0.035385524454314955,Lima,Web,Tarjeta,43,36-50,17,3,1,Plata,Bajo,0
Intermedio,5,23.107101283934227,35.733582291436605,5,115.53550641967114,0.028246549655950515,Lima,App,Transferencia,18,18-25,28,1,1,Oro,Medio,1
Intermedio,6,29.49334580169587,26.488640171507466,1,176.96007481017523,0.037693050537123206,Provincia,App,Billetera,31,26-35,3,3,1,Bronce,Medio,0
Intermedio,7,25.188482865619616,43.722263195546404,7,176.3193800593373,0.026727189479541006,Lima,App,Tarjeta,26,26-35,19,1,1,Plata,Alto,0
Intermedio,0,28.29765734794569,24.109058150109348,4,0.0,0.031169350203568282,Lima,App,Tarjeta,36,36-50,10,3,1,Bronce,Bajo,0
Intermedio,3,33.83255900163817,38.83798999262099,1,101.4976770049145,0.027282567782667667,Lima,Tienda,Efectivo,23,18-25,11,2,1,Bronce,Medio,0
Intermedio,7,30.193030346044083,38.57884832174023,8,211.35121242230858,0.02423872237188696,Lima,Web,Tarjeta,32,26-35,22,1,1,Oro,Medio,1
Intermedio,4,25.46579168849871,34.6047486289252,3,101.86316675399485,0.031051073993065687,Provincia,App,Billetera,32,26-35,10,1,1,Bronce,Alto,0
Intermedio,7,22.445054149021363,45.70180146463748,1,157.11537904314955,0.02484779172466586,Lima,App,Tarjeta,28,26-35,3,1,1,Plata,Medio,0
Intermedio,7,12.232252019720509,30.553465261397548,2,85.62576413804356,0.029183070941080694,Lima,Tienda,Billetera,41,36-50,40,1,1,Oro,Alto,0
Intermedio,10,24.158075387635737,47.19421168310326,7,241.58075387635736,0.023248904590845634,Lima,App,Tarjeta,19,18-25,12,1,1,Oro,Alto,0
Intermedio,3,23.369937520915755,28.277118311886664,4,70.10981256274727,0.028952451479584997,Lima,Web,Billetera,25,18-25,10,4,0,Bronce,Bajo,0
Intermedio,4,26.95183097197688,27.78890767475129,4,107.80732388790751,0.030639105960193185,Lima,App,Transferencia,28,26-35,30,3,0,Oro,Bajo,0
Intermedio,4,24.230473865126562,44.56835543805881,3,96.92189546050625,0.02580714837155668,Provincia,Web,Billetera,37,36-50,12,1,1,Plata,Alto,0
Intermedio,6,23.39807470281603,37.18711810978203,2,140.38844821689617,0.029191249643268444,Provincia,Tienda,Efectivo,40,36-50,5,2,0,Plata,Medio,0
Intermedio,9,16.1030053474639,28.590684365140852,5,144.92704812717508,0.030642698164698612,Lima,Tienda,Efectivo,37,36-50,9,2,1,Plata,Bajo,1
Intermedio,7,20.30016085424967,30.366371104102075,2,142.10112597974768,0.029335285376049396,Lima,Web,Transferencia,27,26-35,14,3,1,Plata,Bajo,0
Intermedio,5,27.383255204002786,38.776211905480324,4,136.91627602001392,0.02791613801207341,Lima,Web,Billetera,29,26-35,7,2,0,Bronce,Medio,0
Intermedio,6,33.57953815566347,41.85248949878951,6,201.47722893398083,0.024172852998829784,Provincia,Web,Billetera,43,36-50,10,1,1,Plata,Alto,0
Intermedio,5,24.512373081271882,24.911191084000965,3,122.5618654063594,0.03538113565440254,Lima,App,Tarjeta,47,36-50,14,4,0,Plata,Bajo,0
Intermedio,6,26.63905536787062,32.11927116721568,5,159.83433220722372,0.02770672339629516,Lima,App,Tarjeta,36,36-50,28,2,1,Oro,Medio,1
Intermedio,6,29.762390784764026,38.77650146436346,3,178.57434470858416,0.025974286136108148,Provincia,Tienda,Tarjeta,39,36-50,39,1,1,Oro,Alto,0
Intermedio,9,20.945530318998753,34.785224829266014,4,188.50977287098877,0.027193277686901413,Lima,App,Tarjeta,22,18-25,29,3,0,Oro,Medio,0
Intermedio,4,26.83407021642721,38.80085554490096,2,107.33628086570884,0.024248619733766703,Lima,App,Billetera,33,26-35,16,1,1,Plata,Alto,1
Intermedio,7,21.297549468339206,29.681314705261613,8,149.08284627837443,0.02800914994319811,Lima,Web,Tarjeta,21,18-25,4,2,1,Plata,Medio,0
Intermedio,5,29.324122192455057,34.47073939247506,4,146.6206109622753,0.02835930563946163,Lima,Tienda,Efectivo,47,36-50,25,2,1,Plata,Medio,0
Intermedio,5,25.757015239758662,43.397338011500985,5,128.78507619879332,0.026062490740618866,Provincia,Web,Transferencia,38,36-50,8,1,1,Plata,Alto,0
Intermedio,7,26.4922590699072,48.226266288932116,3,185.4458134893504,0.027474599193316938,Provincia,Web,Billetera,34,26-35,14,1,1,Plata,Alto,0
Intermedio,6,21.087007012907055,37.74269895200592,4,126.52204207744234,0.02903738312311813,Lima,Web,Transferencia,25,18-25,34,1,0,Oro,Alto,0
Intermedio,8,28.535161798053924,32.99957836589743,6,228.2812943844314,0.026271145009997797,Lima,Web,Tarjeta,35,26-35,35,1,1,Oro,Medio,0
Intermedio,5,35.42356460615508,38.93780463834935,3,177.1178230307754,0.029949188063356242,Lima,Web,Billetera,22,18-25,20,2,1,Plata,Medio,0
Intermedio,6,19.96044152285897,32.068762024464164,5,119.76264913715383,0.029801559113884386,Lima,Tienda,Tarjeta,33,26-35,30,3,0,Oro,Bajo,1
Intermedio,6,23.30120496176238,27.827091071979623,6,139.80722977057428,0.029508949904223435,Lima,Web,Billetera,37,36-50,30,4,0,Oro,Bajo,1
Intermedio,10,26.15803737084046,43.22401302566157,4,261.58037370840464,0.024147428760727188,Lima,App,Tarjeta,25,18-25,25,4,0,Oro,Bajo,0
Intermedio,5,28.93203105997908,18.850307539803417,3,144.6601552998954,0.043260202035515914,Lima,Web,Tarjeta,34,26-35,15,3,1,Plata,Bajo,0
Intermedio,4,22.202268573552654,36.753551168624966,5,88.80907429421062,0.026608202882717872,Lima,Web,Billetera,53,51+,12,2,0,Plata,Alto,0
Intermedio,3,10.8348485492863,38.733123835072604,2,32.5045456478589,0.027672401842840918,Lima,App,Billetera,18,18-25,18,2,0,Plata,Medio,0
Intermedio,6,31.795947470820124,22.376828886320595,7,190.77568482492075,0.03415706725884461,Lima,App,Tarjeta,25,18-25,5,4,0,Plata,Bajo,0
Intermedio,3,28.802530597920715,42.73560767604244,4,86.40759179376215,0.02685363447617756,Lima,Tienda,Efectivo,34,26-35,13,1,1,Plata,Alto,1
Intermedio,4,16.285262347566675,39.40017540059568,3,65.1410493902667,0.026383130353718604,Lima,App,Efectivo,27,26-35,24,1,1,Plata,Medio,0
Intermedio,4,21.96215604110222,37.725011188914856,2,87.84862416440888,0.02606980241576959,Lima,Web,Tarjeta,38,36-50,12,1,1,Plata,Alto,0
Intermedio,5,89.79209989204345,35.29446454843648,2,448.96049946021725,0.03938141601752431,Lima,App,Billetera,35,26-35,33,2,1,Oro,Medio,1
Intermedio,7,32.23898209228933,43.19202942201333,2,225.67287464602532,0.024116400616217795,Provincia,Web,Billetera,34,26-35,20,1,1,Oro,Alto,1
Intermedio,3,29.693200113394724,33.20330130024076,1,89.07960034018417,0.030258052916536094,Lima,Web,Billetera,35,26-35,26,4,0,Plata,Bajo,0
Intermedio,5,24.119437830200688,34.05389503209068,5,120.59718915100345,0.02580893527367287,Lima,Web,Transferencia,20,18-25,16,2,1,Plata,Medio,1
Intermedio,5,25.41493709406255,30.958613977449197,4,127.07468547031276,0.02566452175896459,Lima,App,Transferencia,35,26-35,24,3,0,Plata,Bajo,0
Premium,10,48.69074194873873,23.02912786585731,2,486.9074194873873,0.03524861532174405,Lima,App,Tarjeta,37,36-50,19,3,1,Oro,Bajo,0
Premium,9,61.282397832688375,35.61898729679053,9,551.5415804941954,0.030320138342729227,Provincia,Web,Tarjeta,32,26-35,34,2,1,Platino,Medio,1
Premium,14,41.2415759350489,20.00184061472934,6,577.3820630906846,0.033508111332357676,Lima,Web,Tarjeta,51,51+,35,3,1,Platino,Bajo,1
Premium,6,41.94200345115795,24.564248372911276,9,251.65202070694772,0.04034557036134181,Provincia,Web,Billetera,37,36-50,43,3,1,Oro,Bajo,0
Premium,10,60.10274586836016,36.43462429830936,10,601.0274586836016,0.028982797332494068,Provincia,Web,Tarjeta,40,36-50,10,2,1,Oro,Medio,1
Premium,9,49.556385444884384,25.089494198655384,4,446.00746900395944,0.03487374730903574,Lima,App,Tarjeta,35,26-35,23,3,1,Oro,Bajo,1
Premium,10,63.78467355453808,32.68037233511567,5,637.8467355453809,0.03516604752100319,Provincia,Web,Efectivo,25,18-25,12,3,1,Oro,Bajo,1
Premium,11,43.28487793019454,33.68937303212634,7,476.13365723213997,0.0335674073732894,Lima,Web,Tarjeta,30,26-35,22,1,1,Oro,Medio,1
Premium,16,49.452216396611746,27.809072086310906,4,791.2354623457879,0.03143002511789799,Lima,Web,Billetera,36,36-50,29,3,1,Platino,Bajo,0
Premium,14,40.77587015156047,27.22276804095157,5,570.8621821218466,0.03243784471221148,Lima,App,Tarjeta,43,36-50,36,2,1,Platino,Bajo,0
Premium,11,50.07362681423567,35.43404485757837,7,550.8098949565924,0.030633312388911163,Provincia,App,Billetera,31,26-35,52,2,1,Platino,Medio,1
Premium,11,35.21453063001201,23.81788916530258,7,387.3598369301321,0.03706238784702418,Lima,Web,Tarjeta,40,36-50,44,3,1,Platino,Bajo,0
Premium,14,45.123665790450374,24.41886010854304,5,631.7313210663052,0.0347549970428002,Lima,App,Tarjeta,39,36-50,25,3,1,Platino,Bajo,1
Premium,7,35.63746135071882,41.63679444736196,10,249.46222945503177,0.0326242892294047,Provincia,App,Billetera,29,26-35,37,1,1,Oro,Alto,0
Premium,9,56.93923233191258,42.602894406942454,6,512.4530909872132,0.027252662961943556,Provincia,Web,Transferencia,31,26-35,42,1,1,Platino,Alto,0
Premium,14,57.16589339759652,27.931511540756688,7,800.3225075663513,0.03261731543215247,Lima,App,Tarjeta,30,26-35,29,2,1,Platino,Bajo,1
Premium,11,32.697372695156545,29.45409589028863,6,359.671099646722,0.029192250324643253,Lima,Web,Tarjeta,32,26-35,29,3,1,Oro,Bajo,1
Premium,13,63.33885745500573,24.710604363856824,7,823.4051469150745,0.032138152397731226,Lima,App,Tarjeta,26,26-35,28,3,1,Platino,Bajo,0
Premium,8,74.97415126419854,26.205630633082844,8,599.7932101135883,0.03384206520771992,Lima,Web,Tarjeta,45,36-50,35,2,1,Platino,Bajo,0
Premium,12,50.46006386736341,34.3962748553809,5,605.5207664083609,0.03304711586752169,Provincia,App,Tarjeta,40,36-50,34,2,0,Platino,Medio,0
Premium,9,43.58885739775355,21.907007702762222,5,392.29971657978194,0.032792539686191356,Lima,Web,Tarjeta,29,26-35,31,3,1,Oro,Bajo,0
Premium,15,78.24330591003047,35.8742073833803,5,1173.6495886504572,0.03047764205545064,Provincia,App,Tarjeta,36,36-50,47,3,1,Platino,Bajo,1
Premium,9,36.8103150169749,34.391583483831766,9,331.29283515277405,0.02847069615510721,Provincia,Web,Tarjeta,35,26-35,40,2,1,Platino,Medio,1
Premium,13,50.20106466869098,35.95497656113781,3,652.6138406929828,0.03117300021213922,Lima,App,Tarjeta,34,26-35,14,2,1,Oro,Medio,0
Premium,15,51.796222726319236,32.15587589174144,2,776.9433408947885,0.02893415286867377,Lima,App,Tarjeta,35,26-35,12,3,1,Oro,Bajo,0
Premium,12,63.45147620452415,30.298213076231022,7,761.4177144542898,0.03558005894173325,Lima,App,Transferencia,23,18-25,34,3,1,Platino,Bajo,0
Premium,9,53.59738975126788,27.76110599156209,3,482.37650776141095,0.033606545052375626,Lima,Web,Efectivo,22,18-25,29,3,1,Oro,Medio,1
Premium,13,45.01366104211549,19.66849585183498,3,585.1775935475014,0.03468958943951596,Lima,App,Tarjeta,35,26-35,13,3,1,Oro,Bajo,0
Premium,10,40.48815629612044,29.623445577773985,5,404.8815629612044,0.03130543628032338,Lima,App,Tarjeta,32,26-35,11,2,1,Oro,Medio,0
Premium,12,46.581781797538646,32.60697582581366,5,558.9813815704638,0.033418969616239205,Lima,App,Tarjeta,33,26-35,28,3,1,Platino,Bajo,1
Premium,15,39.93072639054856,27.761800381499253,2,598.9608958582284,0.030130175484815225,Lima,App,Tarjeta,30,26-35,33,3,1,Platino,Bajo,1
Premium,8,50.47825319784683,23.914864389130194,7,403.82602558277466,0.03545219917195741,Lima,Web,Tarjeta,38,36-50,33,3,1,Oro,Bajo,0
Premium,12,44.35803820139513,29.276983755841638,5,532.2964584167416,0.03212428973022454,Lima,App,Tarjeta,22,18-25,24,2,1,Oro,Medio,0
Premium,12,35.059622067102495,28.901177360938537,12,420.71546480522994,0.030247508953564227,Lima,Web,Billetera,38,36-50,24,3,1,Oro,Bajo,1
Premium,8,62.55145788374904,22.996201817073512,5,500.4116630699923,0.0403159290454006,Lima,App,Tarjeta,18,18-25,25,3,0,Oro,Bajo,0
Premium,16,45.02327476570961,34.83510462437402,6,720.3723962513537,0.026763089494855043,Lima,App,Transferencia,29,26-35,35,2,1,Platino,Bajo,1
Premium,17,37.318631950246875,28.28158997860958,10,634.4167431541969,0.03316689703991636,Lima,App,Tarjeta,31,26-35,15,3,1,Platino,Bajo,1
Premium,16,48.31740865512459,20.544473628820096,1,773.0785384819934,0.040120553824528775,Lima,App,Tarjeta,20,18-25,30,3,1,Platino,Bajo,1
Premium,13,50.68371565967659,33.05808196812217,11,658.8883035757956,0.031771972103041037,Provincia,App,Tarjeta,45,36-50,40,2,0,Platino,Medio,1
Premium,9,32.53533274420967,30.81898298605025,6,292.817994697887,0.03215399923448961,Lima,App,Tarjeta,34,26-35,26,3,1,Oro,Medio,0
Premium,9,53.316476671257625,27.885794914982842,5,479.84829004131865,0.032515760454394235,Lima,Web,Tarjeta,32,26-35,32,3,1,Oro,Bajo,0
Premium,13,39.528424313097354,27.50493433105753,7,513.8695160702656,0.02943464292166537,Lima,App,Transferencia,50,36-50,34,3,1,Platino,Bajo,1
Premium,11,67.11028809190788,32.003491494158645,7,738.2131690109866,0.030082122768409755,Lima,App,Transferencia,37,36-50,23,1,1,Oro,Medio,0
Premium,6,55.23960512076735,35.80987804871379,5,331.4376307246041,0.03135422480100998,Lima,App,Tarjeta,38,36-50,29,1,1,Oro,Alto,1
Premium,8,46.001000098906836,27.92413290521813,8,368.0080007912547,0.030911454942343496,Lima,App,Transferencia,33,26-35,17,3,1,Oro,Bajo,0
Premium,9,42.5483222968265,27.089447751234914,6,382.93490067143847,0.032587169009295515,Lima,App,Tarjeta,31,26-35,35,3,1,Oro,Bajo,0
Premium,11,48.95032292436376,32.59859525645116,5,538.4535521680014,0.02752813388875987,Lima,App,Tarjeta,37,36-50,32,2,1,Platino,Medio,1
Premium,18,56.127907415832894,29.142134897934497,7,1010.3023334849921,0.03764718362448992,Lima,Web,Transferencia,18,18-25,42,3,1,Platino,Bajo,1
Premium,11,49.745058714148,24.277335879187024,3,547.1956458556281,0.03182792041553168,Lima,Web,Transferencia,23,18-25,39,4,0,Platino,Bajo,0
Premium,14,47.82841192863143,33.22368055463382,6,669.59776700084,0.032056343364079656,Lima,Web,Tarjeta,26,26-35,42,2,1,Platino,Medio,1
Premium,14,50.58370290817896,37.80564689762214,5,708.1718407145054,0.029904448214183657,Provincia,App,Tarjeta,18,18-25,42,2,1,Platino,Medio,1
Premium,17,43.961410687630455,29.659956086439866,14,747.3439816897177,0.03512661941912842,Provincia,App,Tarjeta,39,36-50,23,2,1,Platino,Bajo,0
Premium,9,46.56794073156962,24.31514711606956,5,419.11146658412656,0.03880634448492119,Lima,Tienda,Tarjeta,34,26-35,35,3,1,Oro,Bajo,0
Premium,12,29.14207561094996,36.111093718626485,13,349.7049073313995,0.03177582127757295,Provincia,Web,Billetera,47,36-50,37,2,1,Platino,Medio,0
Premium,9,59.737262308523675,26.771462519592998,6,537.6353607767131,0.03140339431856029,Lima,App,Tarjeta,33,26-35,24,3,1,Oro,Bajo,0
Premium,15,52.98797780321762,35.46786278573935,2,794.8196670482643,0.028193794262837604,Lima,App,Billetera,27,26-35,42,1,1,Platino,Medio,0
Premium,11,42.265441559665696,23.174981823132732,4,464.9198571563227,0.036779696500988154,Lima,App,Billetera,33,26-35,29,3,1,Oro,Bajo,1
Premium,19,68.98734981355238,35.759148981035814,4,1310.7596464574954,0.029015716139099375,Provincia,Web,Tarjeta,46,36-50,36,3,0,Platino,Bajo,0
Premium,11,50.87016480392386,36.181310499934405,5,559.5718128431625,0.02624517400677195,Lima,Web,Tarjeta,35,26-35,41,3,0,Platino,Bajo,1
Premium,14,39.63856428024803,27.126920096999182,3,554.9398999234725,0.03348209950518643,Lima,App,Billetera,44,36-50,34,3,1,Platino,Bajo,1
Premium,13,58.567374214704586,28.664836349247206,10,761.3758647911596,0.03686340583334642,Provincia,App,Tarjeta,42,36-50,48,2,1,Platino,Bajo,1
Premium,12,53.980482165092624,24.881793210623428,5,647.7657859811115,0.03358062452132131,Lima,App,Tarjeta,29,26-35,54,3,1,Platino,Bajo,1
Premium,11,53.94579985484219,33.937526774410436,4,593.4037984032641,0.03221440370908056,Provincia,App,Tarjeta,30,26-35,30,1,1,Platino,Medio,1
Premium,15,45.7424439534841,31.935812836299345,6,686.1366593022615,0.030589118626872986,Lima,App,Tarjeta,29,26-35,40,2,1,Platino,Bajo,1
Premium,11,54.504957237780346,25.023129647212755,8,599.5545296155838,0.034216324583870555,Lima,Web,Tarjeta,27,26-35,54,4,0,Platino,Bajo,1
Premium,18,47.38241709778905,40.43641137467846,6,852.883507760203,0.02803822516093156,Provincia,App,Tarjeta,22,18-25,24,1,0,Platino,Medio,1
Premium,16,55.559414516458425,27.477779840883624,7,888.9506322633348,0.03615799198515385,Lima,Web,Transferencia,33,26-35,2,3,0,Oro,Bajo,1
Premium,20,30.95055545989361,29.809585375950263,3,619.0111091978722,0.03878617194284397,Provincia,App,Billetera,18,18-25,40,4,0,Platino,Bajo,1
Premium,10,45.661265370208106,38.32910337847948,10,456.61265370208105,0.029137417687872678,Provincia,Web,Tarjeta,28,26-35,26,1,1,Oro,Medio,0
Premium,12,67.22155097808195,25.079970394666663,7,806.6586117369834,0.041363101304081606,Lima,Web,Tarjeta,40,36-50,18,4,0,Oro,Bajo,0
Premium,9,42.32932544599699,28.67448078489564,10,380.9639290139729,0.032908148326969026,Lima,App,Tarjeta,22,18-25,23,1,1,Oro,Medio,1
Premium,10,43.961617025068136,32.74441649339963,3,439.61617025068136,0.02478127833864173,Lima,Web,Tarjeta,47,36-50,14,2,0,Oro,Medio,0
Premium,16,45.52038661550025,32.84548176464289,3,728.326185848004,0.032295705326207215,Lima,App,Efectivo,38,36-50,47,2,1,Platino,Bajo,0
Premium,8,37.85193864111356,22.614644780800077,5,302.8155091289085,0.03618246477868445,Lima,App,Transferencia,48,36-50,45,3,1,Platino,Bajo,1
Premium,19,27.91719223771748,43.091189385342695,8,530.4266525166321,0.032438245777806976,Provincia,App,Tarjeta,50,36-50,28,1,1,Platino,Medio,0
Premium,10,47.69413601476387,29.34482435982662,4,476.9413601476387,0.03241743528491902,Lima,App,Billetera,39,36-50,29,3,1,Oro,Bajo,0
Premium,13,51.35859424081657,34.01524583886266,11,667.6617251306154,0.03176423333636934,Provincia,Web,Transferencia,32,26-35,32,3,1,Platino,Bajo,1
Premium,7,49.474949314613475,40.124319971012824,4,346.32464520229433,0.03031516652386209,Provincia,App,Tarjeta,20,18-25,47,2,0,Platino,Medio,1
Premium,10,48.55121438052113,40.31260332225541,11,485.5121438052113,0.035864575584369764,Provincia,Web,Transferencia,25,18-25,19,2,1,Oro,Medio,0
Premium,19,50.430408708503876,40.31242051385736,2,958.1777654615737,0.027729525195238868,Provincia,Web,Tarjeta,52,51+,28,1,1,Platino,Medio,1
Premium,16,60.22841471550764,26.806744936033663,4,963.6546354481222,0.03151060962625631,Lima,App,Transferencia,21,18-25,42,2,1,Platino,Bajo,1
Premium,14,48.09553814070783,35.11665213458602,3,673.3375339699096,0.030138290626207584,Provincia,App,Tarjeta,32,26-35,27,3,1,Platino,Bajo,1
Premium,14,44.259174229127304,26.007393538054213,2,619.6284392077822,0.0343459058184438,Lima,App,Tarjeta,43,36-50,22,2,1,Platino,Medio,1
Premium,17,47.188745151119136,25.78897104362035,8,802.2086675690254,0.028686875697129202,Lima,App,Billetera,26,26-35,32,3,1,Platino,Bajo,0
Premium,12,55.793467597567755,23.828095570423702,3,669.521611170813,0.03308098849469139,Lima,App,Tarjeta,44,36-50,12,3,1,Oro,Bajo,1
Premium,11,64.1202687854325,28.248512515218373,11,705.3229566397575,0.03141427946216339,Lima,Web,Transferencia,36,36-50,34,4,0,Platino,Bajo,1
Premium,16,43.71856260830822,25.572073867630458,4,699.4970017329315,0.03546013561697537,Lima,App,Tarjeta,35,26-35,27,4,0,Platino,Bajo,0
Premium,8,50.989337870288836,31.698915175360796,6,407.9147029623107,0.03570254834749362,Lima,Web,Transferencia,34,26-35,36,1,1,Oro,Alto,0
Premium,12,53.3835744193596,26.767708944035256,3,640.6028930323151,0.03024381116172351,Lima,App,Tarjeta,26,26-35,23,4,0,Oro,Bajo,0
Premium,12,40.07421993271177,34.928529376557584,7,480.89063919254124,0.03370501026777366,Lima,App,Billetera,39,36-50,35,2,1,Platino,Medio,1
Premium,7,50.20417167212918,25.692814954084888,3,351.42920170490424,0.0351635606364793,Lima,App,Tarjeta,38,36-50,32,4,0,Oro,Bajo,0
Premium,14,35.34326142657905,32.29452211127452,3,494.8056599721067,0.034399192337826505,Provincia,App,Tarjeta,39,36-50,18,3,1,Oro,Bajo,0
Premium,10,32.30949696260601,28.91512343813136,5,323.0949696260601,0.030214347334268633,Lima,App,Tarjeta,42,36-50,21,3,1,Oro,Bajo,0
Premium,14,53.66746407892257,25.883306164846708,13,751.344497104916,0.034349050303615646,Lima,Web,Billetera,33,26-35,42,3,1,Platino,Bajo,1
Premium,11,100.4819852284214,35.456206308448046,6,1105.3018375126353,0.03262958368744713,Provincia,Web,Tarjeta,41,36-50,40,3,0,Platino,Bajo,0
Premium,14,52.02280407621219,32.39230489420799,5,728.3192570669706,0.032211219790246715,Provincia,App,Billetera,41,36-50,13,2,1,Oro,Bajo,0
Premium,9,49.8210502299165,30.44724265592026,7,448.38945206924853,0.03960717078551166,Provincia,Web,Tarjeta,40,36-50,26,2,1,Oro,Medio,1
Premium,19,40.235999513362025,23.65675902236444,13,764.4839907538785,0.037612903427213316,Lima,App,Transferencia,30,26-35,33,4,0,Platino,Bajo,1
Premium,15,49.547456980356635,27.3523420475533,6,743.2118547053495,0.031241375752086922,Lima,App,Efectivo,36,36-50,35,2,1,Platino,Bajo,0
Premium,7,37.668986949851444,20.807125284014163,6,263.6829086489601,0.034735595527158734,Lima,Web,Transferencia,21,18-25,33,3,1,Oro,Bajo,0
Premium,11,63.909723580014,30.378716349225655,2,703.0069593801541,0.029265287865491242,Lima,Web,Transferencia,40,36-50,34,3,0,Platino,Bajo,1
Premium,10,36.440296551400365,31.78854010953164,7,364.40296551400365,0.029498158467542418,Lima,Web,Tarjeta,28,26-35,26,3,0,Oro,Bajo,0
Premium,11,48.04214729031418,27.937405339711518,3,528.463620193456,0.030159083738932575,Lima,App,Tarjeta,34,26-35,32,4,0,Platino,Bajo,0
Premium,12,39.57728411952752,36.909259915866535,5,474.92740943433023,0.02742783264229816,Provincia,Tienda,Efectivo,35,26-35,20,1,1,Oro,Medio,1
Premium,9,55.704211733607956,25.82570101817346,9,501.3379056024716,0.032519551061569285,Lima,Web,Tarjeta,37,36-50,26,3,1,Oro,Bajo,1
Premium,14,46.68568628718497,29.435718872573716,5,653.5996080205896,0.030352103420388316,Lima,App,Tarjeta,21,18-25,9,2,1,Oro,Medio,0
Premium,11,44.8133328037879,32.408451119407744,6,492.9466608416669,0.034191778251797283,Lima,Tienda,Efectivo,44,36-50,19,1,1,Oro,Medio,1
Premium,15,58.532015450515544,38.8485133104335,3,877.9802317577331,0.026070786011113522,Lima,Web,Tarjeta,44,36-50,21,1,1,Platino,Medio,1
Premium,11,50.29430591677552,35.17376133489213,6,553.2373650845308,0.02706293957907466,Lima,Web,Tarjeta,29,26-35,22,3,0,Oro,Bajo,1
Premium,9,55.166444459359674,33.97766160709244,7,496.4980001342371,0.032221019382818634,Lima,Web,Transferencia,26,26-35,37,2,0,Platino,Medio,0
Premium,12,40.186740634825355,28.501403889538935,5,482.24088761790426,0.031094760680520646,Lima,App,Tarjeta,26,26-35,14,3,1,Oro,Bajo,1
Premium,11,35.95183056072493,39.37168617367034,5,395.4701361679742,0.028507983810655932,Provincia,Web,Tarjeta,42,36-50,24,1,1,Oro,Medio,1
Premium,10,51.07207962040134,32.10679844137623,4,510.72079620401337,0.03272403205209676,Provincia,App,Transferencia,33,26-35,36,2,1,Platino,Medio,1
Premium,9,46.81153644505269,25.8654790468413,12,421.3038280054742,0.034446972032521055,Lima,Tienda,Tarjeta,37,36-50,17,3,1,Oro,Bajo,1
Premium,9,56.26434672453944,36.26032285562879,5,506.379120520855,0.02974245775060182,Provincia,App,Tarjeta,32,26-35,43,2,1,Platino,Bajo,1
Premium,15,49.2009154733745,27.495735254713,3,738.0137321006175,0.03201504170311008,Lima,Web,Tarjeta,31,26-35,32,3,1,Platino,Bajo,1
Premium,7,52.0507533923463,32.49592112561333,7,364.35527374642413,0.03169674245727263,Lima,App,Billetera,36,36-50,37,2,1,Oro,Medio,1
Premium,11,33.76617470058757,24.709241223633615,1,371.4279217064633,0.03509118412690991,Lima,Web,Tarjeta,49,36-50,21,3,1,Oro,Bajo,1
Premium,12,68.88436939614257,19.055259725717775,3,826.6124327537109,0.038689234195378404,Lima,App,Tarjeta,26,26-35,22,4,1,Platino,Bajo,1
Premium,11,48.357580149679684,27.43275840031076,12,531.9333816464765,0.03153735733273197,Lima,App,Tarjeta,38,36-50,29,3,1,Platino,Bajo,1
Premium,14,56.97586970339199,25.2261672315828,4,797.6621758474879,0.029660488732122226,Lima,Web,Tarjeta,36,36-50,38,3,1,Platino,Bajo,0
Premium,9,41.63908329780374,24.770436277778057,8,374.7517496802336,0.03297872437481468,Lima,App,Billetera,33,26-35,38,3,1,Platino,Bajo,0
Premium,8,98.35459127543382,37.476506831811456,7,786.8367302034706,0.02832115969536488,Lima,App,Transferencia,45,36-50,34,1,1,Platino,Alto,0
Premium,11,36.97155236475255,36.825604103825754,6,406.687076012278,0.03461614893811847,Provincia,App,Billetera,41,36-50,28,1,1,Oro,Medio,0
Premium,10,54.520678382596714,24.092349178910183,8,545.2067838259671,0.03592484813251672,Lima,App,Tarjeta,34,26-35,22,3,1,Oro,Bajo,1
Premium,14,46.44025915614167,33.51354116224509,7,650.1636281859834,0.03246931503460235,Provincia,App,Billetera,41,36-50,41,2,1,Platino,Medio,1
Premium,15,50.291905039355676,33.241128558171866,5,754.3785755903351,0.032517975159382845,Lima,App,Tarjeta,20,18-25,26,2,1,Platino,Bajo,1
Premium,16,56.97974030130098,38.64422986342933,5,911.6758448208157,0.030021099254249967,Provincia,App,Tarjeta,18,18-25,15,2,0,Platino,Bajo,1
Premium,14,37.6745968877972,29.386948006223275,4,527.4443564291608,0.0348734476247891,Lima,Web,Tarjeta,31,26-35,20,3,1,Oro,Bajo,0
Premium,9,43.15508269387203,29.401728289129014,7,388.3957442448483,0.028486552716329015,Lima,Web,Transferencia,28,26-35,23,1,1,Oro,Medio,0
Premium,10,54.573242810867654,37.664509552213424,3,545.7324281086766,0.0270997195435954,Lima,Web,Billetera,35,26-35,27,1,1,Oro,Medio,0
Premium,9,70.98221474546747,26.616643430308173,6,638.8399327092072,0.03238072697256794,Lima,App,Tarjeta,43,36-50,29,3,1,Oro,Bajo,0
Premium,5,48.61917665338518,38.237696000190354,3,243.0958832669259,0.028777697850973186,Lima,Web,Billetera,35,26-35,16,1,1,Plata,Alto,1
Premium,13,55.91136117923932,40.55807077763307,6,726.8476953301112,0.03593179009457125,Provincia,App,Billetera,41,36-50,25,1,0,Platino,Medio,1
Premium,11,48.930285301415196,34.730729408331484,6,538.2331383155672,0.02921784020848624,Provincia,Web,Tarjeta,44,36-50,26,1,1,Oro,Medio,1
Premium,12,69.422455947563,29.300385701112653,4,833.069471370756,0.02928958473167837,Lima,App,Transferencia,19,18-25,28,4,0,Platino,Bajo,1
Premium,5,32.52778333034745,29.970983265479408,4,162.63891665173725,0.029770488727414023,Lima,App,Tarjeta,39,36-50,22,4,0,Plata,Bajo,0
Premium,10,50.94621044669358,31.91475362911774,13,509.4621044669358,0.03230672184353149,Lima,Web,Billetera,46,36-50,55,3,1,Platino,Bajo,1
Premium,8,33.744559664379395,28.704701422136505,9,269.95647731503516,0.04517272274194217,Provincia,App,Transferencia,44,36-50,26,2,1,Oro,Bajo,0
Premium,7,24.934284294632832,35.72157861595247,9,174.5399900624298,0.03439402373656476,Lima,Web,Tarjeta,36,36-50,24,4,0,Oro,Bajo,1
Premium,7,52.97462053117817,23.74035773240589,2,370.82234371824717,0.0343380038680306,Lima,Web,Billetera,37,36-50,19,3,1,Oro,Bajo,1
Premium,18,51.39497796147459,22.751266837254082,6,925.1096033065426,0.03563127097916865,Lima,App,Tarjeta,35,26-35,38,3,1,Platino,Bajo,0
Premium,16,47.15163062257798,39.551814702601284,2,754.4260899612477,0.03188091431418004,Lima,Web,Billetera,36,36-50,11,1,1,Oro,Medio,0
Premium,17,48.93805909960247,25.172240137379827,3,831.947004693242,0.033621232322903906,Lima,App,Tarjeta,26,26-35,12,3,1,Platino,Bajo,1
Premium,10,80.98299434071258,18.513835205279328,10,809.8299434071258,0.035055537121183006,Lima,App,Billetera,27,26-35,30,3,1,Platino,Bajo,1
Premium,11,47.418248619685656,20.463586108793887,7,521.6007348165422,0.035940712775643584,Lima,App,Tarjeta,39,36-50,35,4,0,Platino,Bajo,1
Premium,12,55.10124361250075,25.2230887677462,3,661.214923350009,0.034657887263189885,Lima,App,Transferencia,33,26-35,29,4,0,Platino,Bajo,0
Premium,14,43.50635180386119,44.58610059331534,7,609.0889252540567,0.02909979975861799,Provincia,App,Tarjeta,35,26-35,50,1,1,Platino,Alto,1
Premium,10,52.95232575040603,32.758057856882225,6,529.5232575040603,0.034462645702390035,Provincia,App,Billetera,43,36-50,25,1,1,Oro,Medio,1
Premium,15,47.61766324944382,32.475202916122605,9,714.2649487416573,0.033949881421559434,Lima,App,Tarjeta,35,26-35,27,1,1,Platino,Medio,1
Premium,13,45.8948151727027,23.935469923218776,7,596.6325972451351,0.03374968388429814,Lima,App,Tarjeta,25,18-25,30,3,1,Platino,Bajo,0
Premium,12,68.18898532200325,29.873423540034867,5,818.267823864039,0.031233426234746075,Lima,Web,Tarjeta,55,51+,30,2,1,Platino,Bajo,1
Premium,11,61.77184963184339,29.29625262201891,9,679.4903459502773,0.03089399644423072,Lima,App,Billetera,32,26-35,29,2,1,Platino,Bajo,0
Premium,10,51.36746647399231,22.660206573470205,3,513.6746647399231,0.045733038074017456,Lima,App,Tarjeta,31,26-35,28,3,1,Oro,Bajo,0
Premium,8,26.957880640560333,30.21528680105763,3,215.66304512448266,0.029355724936523577,Lima,App,Tarjeta,36,36-50,17,3,1,Plata,Bajo,0
Premium,19,46.389907767474305,30.56769635997441,6,881.4082475820118,0.028321307646054013,Lima,App,Billetera,33,26-35,37,4,0,Platino,Bajo,1
Premium,15,77.03027564405083,23.588710949835793,8,1155.4541346607625,0.03590736424398462,Lima,Tienda,Efectivo,38,36-50,40,4,0,Platino,Bajo,0
Premium,15,47.69338333360292,20.35064621604905,5,715.4007500040437,0.03560859778629874,Lima,Web,Tarjeta,32,26-35,25,3,1,Platino,Bajo,0
Premium,13,61.032175720536586,27.284321189016424,6,793.4182843669756,0.0337276775225572,Lima,Web,Tarjeta,45,36-50,30,3,1,Platino,Bajo,1
Premium,13,64.419424019526,35.512232923041125,9,837.4525122538381,0.03480441388293518,Provincia,App,Tarjeta,43,36-50,46,2,1,Platino,Bajo,1
Premium,5,52.18963915855975,28.27996993431523,6,260.94819579279874,0.03157384840277761,Lima,Web,Billetera,52,51+,22,4,0,Plata,Bajo,0
Premium,10,41.58178368131848,29.144716240256205,6,415.8178368131848,0.03974495797046207,Provincia,Tienda,Efectivo,55,51+,32,3,1,Oro,Bajo,1
Premium,10,25.646876682171115,37.57865229950765,5,256.46876682171114,0.03617131391386516,Provincia,App,Billetera,18,18-25,31,1,1,Oro,Medio,0
Premium,13,56.84163208608955,38.66576718381523,8,738.9412171191641,0.02807601398813467,Lima,App,Transferencia,39,36-50,46,2,1,Platino,Medio,0
Premium,11,41.85243997176452,32.69694680519411,5,460.3768396894097,0.035441713497986325,Lima,App,Tarjeta,25,18-25,49,3,0,Platino,Bajo,1
Premium,8,51.76150451887692,29.629025455036842,4,414.09203615101535,0.028793314099518602,Lima,Tienda,Efectivo,49,36-50,38,2,1,Platino,Medio,0
Premium,10,37.50179660410636,28.97931443185076,10,375.0179660410636,0.03118566534964946,Lima,App,Tarjeta,37,36-50,65,2,1,Platino,Medio,0
Premium,13,76.81072056079073,22.66272834042049,4,998.5393672902794,0.03910497035596579,Lima,Web,Tarjeta,31,26-35,30,4,0,Platino,Bajo,1
Premium,10,111.00952153576388,38.7624379688975,7,1110.0952153576388,0.030389606067806725,Lima,App,Billetera,25,18-25,1,2,0,Oro,Medio,1
Premium,9,52.68593581044298,33.86855620206885,11,474.1734222939868,0.03262962320001762,Provincia,Web,Tarjeta,32,26-35,25,2,1,Oro,Medio,0
Premium,15,38.85177812647586,34.486326265513505,8,582.7766718971378,0.033745479436855554,Provincia,App,Billetera,28,26-35,25,3,1,Platino,Bajo,1
Premium,10,61.96910948761352,36.519069533499135,10,619.6910948761353,0.03151107786737653,Lima,Web,Billetera,48,36-50,46,2,1,Platino,Medio,0
Premium,10,44.03105215268029,33.01224341723528,7,440.31052152680286,0.030841446769657554,Lima,Web,Billetera,38,36-50,28,2,1,Oro,Medio,0
Premium,13,33.255305395467545,35.49126068807962,7,432.31897014107807,0.03019070672470617,Provincia,App,Tarjeta,26,26-35,43,1,1,Platino,Medio,0
Premium,11,48.90976580036536,31.35128247952285,12,538.007423804019,0.028956333913995255,Lima,Web,Tarjeta,40,36-50,38,2,1,Platino,Medio,0
Premium,8,50.3437530902646,21.161667921403485,11,402.7500247221168,0.031032377945316634,Lima,Web,Tarjeta,40,36-50,33,4,0,Oro,Bajo,1
Premium,7,51.6058943317176,20.98154473990165,5,361.2412603220232,0.037211936261004865,Lima,App,Efectivo,33,26-35,34,3,1,Oro,Bajo,0
Premium,18,63.621324036850794,31.04036124423675,6,1145.1838326633142,0.03380769630197565,Provincia,App,Tarjeta,44,36-50,33,1,1,Platino,Medio,1
Premium,21,47.6355116326414,42.23948857337789,5,1000.3457442854694,0.025107242444050226,Lima,App,Tarjeta,39,36-50,41,1,1,Platino,Medio,0
Premium,15,48.803803756312284,34.013823216804,7,732.0570563446843,0.03014456745422636,Provincia,App,Transferencia,38,36-50,27,2,1,Platino,Bajo,0
Premium,17,38.96815618766907,31.879430742577288,6,662.4586551903741,0.026241304289394304,Lima,Tienda,Efectivo,24,18-25,26,2,1,Platino,Bajo,0
Premium,12,58.20553502887897,28.126389753874438,4,698.4664203465477,0.0284201503469066,Lima,App,Billetera,32,26-35,34,2,1,Platino,Medio,1
Premium,10,51.843090640781035,28.33437832332075,7,518.4309064078103,0.03152047898878223,Lima,Web,Tarjeta,43,36-50,32,3,0,Platino,Medio,1
Premium,15,45.79972272705837,33.89646347494702,4,686.9958409058756,0.03134381477104176,Lima,App,Billetera,37,36-50,28,3,0,Platino,Bajo,1
Premium,4,30.953253065345365,24.73359971001527,6,123.81301226138146,0.032372663871160653,Lima,App,Transferencia,35,26-35,52,4,0,Oro,Bajo,1
Premium,12,64.44412195055088,32.04970486528547,9,773.3294634066106,0.038779852210277244,Lima,App,Transferencia,40,36-50,37,3,0,Platino,Bajo,1
Premium,11,37.72320035543943,28.851665638818012,3,414.95520390983376,0.03220182376354214,Lima,App,Tarjeta,38,36-50,24,3,1,Oro,Bajo,1
Premium,21,44.08721990630294,26.163910819732585,8,925.8316180323618,0.02887500915008708,Lima,App,Transferencia,41,36-50,36,3,1,Platino,Bajo,0
Premium,12,53.58344511076003,34.776383073120115,6,643.0013413291204,0.03424530871693621,Lima,Web,Transferencia,41,36-50,21,2,1,Oro,Medio,1
Premium,18,111.39912104422989,24.062503014519635,7,2005.184178796138,0.03102135420332096,Lima,App,Tarjeta,40,36-50,19,3,1,Platino,Bajo,0
Premium,10,35.064902217468564,31.62406322592464,5,350.6490221746856,0.02980201939965054,Lima,Web,Tarjeta,43,36-50,38,4,0,Platino,Bajo,1
Premium,16,28.76052417299335,24.704636104013765,6,460.1683867678936,0.03537198760205053,Lima,App,Billetera,34,26-35,21,3,1,Platino,Bajo,0
Premium,13,57.20996952905636,31.28389586082092,4,743.7296038777326,0.03373125941873493,Lima,Web,Billetera,38,36-50,30,2,1,Platino,Bajo,0
Premium,11,44.54813755273678,32.590852025197854,10,490.0295130801046,0.03578295636594928,Lima,Web,Billetera,39,36-50,20,2,1,Oro,Medio,0
Premium,11,79.2727009247333,29.06498991834465,8,871.9997101720663,0.03504652035517747,Lima,App,Tarjeta,25,18-25,27,3,1,Platino,Bajo,1
Premium,11,40.05644934369127,22.567233332029772,6,440.62094278060397,0.036849807058384344,Lima,App,Tarjeta,23,18-25,26,3,1,Oro,Bajo,0
Premium,10,40.785489765710786,23.479914929707192,8,407.85489765710787,0.03533736898712281,Lima,App,Tarjeta,39,36-50,29,3,1,Oro,Bajo,1
Premium,8,44.346070297145985,30.226124312439243,4,354.7685623771679,0.028362062224765897,Lima,App,Transferencia,39,36-50,53,3,1,Platino,Bajo,1
Premium,12,52.43134655138489,27.6995374660031,2,629.1761586166187,0.03539375868191535,Provincia,App,Billetera,35,26-35,43,3,0,Platino,Bajo,0
Premium,10,45.29796661214689,29.861633352270978,4,452.9796661214689,0.0318680635073437,Lima,Web,Tarjeta,41,36-50,29,4,0,Oro,Bajo,0
Premium,12,56.123322140025124,25.824380273840283,11,673.4798656803015,0.03390819738295436,Lima,App,Billetera,40,36-50,28,3,1,Platino,Bajo,1
Premium,20,40.21411610011346,30.62291309395657,6,804.2823220022692,0.028954791826028926,Lima,Web,Transferencia,41,36-50,23,1,1,Platino,Bajo,1
Premium,12,36.18408281536419,35.652571038389475,10,434.2089937843703,0.02862582836789971,Lima,App,Tarjeta,39,36-50,20,2,0,Oro,Bajo,1
Premium,12,32.01785260590893,39.10112446824018,8,384.21423127090713,0.029768806565424143,Lima,App,Tarjeta,25,18-25,29,1,1,Platino,Medio,0
Premium,9,27.76425832062803,36.3542793620339,5,249.87832488565226,0.03132988763077984,Lima,Web,Tarjeta,51,51+,43,1,1,Platino,Medio,0
Premium,7,44.81930980524943,29.268852687936253,6,313.73516863674604,0.032995872023293266,Lima,App,Tarjeta,38,36-50,1,4,0,Plata,Bajo,1
Premium,12,46.99019687606778,30.053675863463077,4,563.8823625128133,0.0364639109420349,Provincia,Web,Tarjeta,45,36-50,40,3,1,Platino,Bajo,0
Premium,14,43.68562972516817,30.548536468990754,8,611.5988161523544,0.027151345963697972,Lima,App,Transferencia,40,36-50,41,2,1,Platino,Medio,1
Premium,14,62.43405797187162,23.18119160112601,3,874.0768116062027,0.03481775228549164,Lima,Web,Transferencia,30,26-35,9,4,0,Oro,Bajo,0
Premium,10,62.28030209608135,29.137108485857194,1,622.8030209608135,0.030311353028001052,Lima,Web,Tarjeta,33,26-35,30,3,1,Platino,Bajo,0
Premium,7,46.65197012555498,37.07128224281665,3,326.5637908788849,0.029257990971819418,Lima,Web,Tarjeta,34,26-35,26,1,1,Oro,Medio,1
Premium,16,32.060788868080365,29.979174795326976,5,512.9726218892858,0.03408995010657996,Lima,Web,Efectivo,47,36-50,28,1,1,Platino,Medio,0
Premium,11,44.33294891944947,28.08877288858769,5,487.6624381139442,0.029313446043958448,Lima,App,Tarjeta,27,26-35,32,3,1,Platino,Bajo,1
Premium,16,44.00178606082939,34.513624747482574,9,704.0285769732702,0.030036669117072225,Provincia,App,Billetera,25,18-25,33,2,1,Platino,Bajo,1
Premium,17,43.42865037721942,32.42950999660477,5,738.2870564127302,0.027636607296099285,Lima,App,Tarjeta,38,36-50,16,2,1,Platino,Medio,0
Premium,8,43.022810961017555,26.923514057895424,7,344.18248768814044,0.033792961997106526,Lima,App,Tarjeta,49,36-50,46,3,1,Platino,Bajo,1
Premium,8,43.465371042751926,25.425676711096287,5,347.7229683420154,0.036842714983500904,Lima,App,Transferencia,28,26-35,25,3,1,Oro,Bajo,0
Premium,12,46.134583841022405,34.663335272539044,5,553.6150060922689,0.0339172404090032,Provincia,Web,Billetera,49,36-50,56,1,1,Platino,Medio,0
Premium,8,43.64458901184443,35.53600523746248,9,349.15671209475545,0.03161899302851228,Provincia,App,Tarjeta,41,36-50,21,1,0,Oro,Alto,1
Premium,13,52.08322508625592,35.245663184177616,7,677.081926121327,0.0320773570549821,Provincia,Web,Tarjeta,35,26-35,19,3,0,Oro,Bajo,0
Premium,14,53.60368715904861,28.353464606716095,5,750.4516202266806,0.033534893344106115,Lima,Web,Transferencia,27,26-35,33,3,1,Platino,Bajo,1
Premium,18,40.8935491281751,23.547188380939403,8,736.0838843071518,0.039568845790822677,Lima,Web,Tarjeta,35,26-35,39,3,1,Platino,Bajo,0
Premium,9,62.71065326007033,30.064630640425708,12,564.395879340633,0.030853295092061125,Lima,Web,Tarjeta,32,26-35,43,2,1,Platino,Medio,0
Premium,14,40.19937698159386,52.855040638240055,5,562.791277742314,0.027087766997850718,Provincia,Web,Transferencia,48,36-50,20,1,1,Oro,Medio,0
Premium,10,33.82199386184663,26.916903565728038,3,338.2199386184663,0.03087110187722055,Lima,App,Transferencia,35,26-35,27,3,1,Oro,Bajo,0
Premium,13,53.807780713650516,39.8213012736446,4,699.5011492774568,0.030462351579883577,Provincia,Web,Billetera,42,36-50,49,1,1,Platino,Medio,0
Premium,8,41.825918655856604,33.855025486292725,10,334.60734924685283,0.030564835795068843,Lima,Web,Tarjeta,42,36-50,26,3,0,Oro,Bajo,0
Premium,15,53.21291470757388,29.75980368824772,6,798.1937206136082,0.031064448158726752,Lima,App,Tarjeta,30,26-35,39,2,1,Platino,Bajo,1
Premium,8,25.963313988994695,39.20950706041394,7,207.70651191195756,0.02959017789973347,Lima,App,Tarjeta,36,36-50,11,1,1,Plata,Alto,0
Premium,13,63.924559414830675,33.56713112076725,4,831.0192723927988,0.03106929221594348,Lima,App,Billetera,43,36-50,14,2,1,Oro,Medio,0
Premium,12,56.72293408040402,24.29034975457316,8,680.6752089648483,0.033264621386920996,Lima,App,Transferencia,34,26-35,40,3,1,Platino,Bajo,0
Premium,10,34.99523450836998,35.111636159759826,5,349.9523450836998,0.03495032983375662,Lima,Tienda,Efectivo,38,36-50,29,2,1,Oro,Medio,0
Premium,8,35.21222876153715,29.00829666627643,2,281.6978300922972,0.033054486747313414,Lima,App,Tarjeta,41,36-50,38,2,0,Oro,Medio,1
Premium,11,66.72265904097527,35.629248228419996,3,733.949249450728,0.031306362714026544,Provincia,App,Billetera,25,18-25,24,2,0,Oro,Medio,1
Premium,11,42.626200965020416,32.741430214554676,3,468.8882106152246,0.033275931113597744,Lima,App,Tarjeta,18,18-25,13,2,0,Oro,Medio,0
Premium,13,41.65815151267376,44.86842849800261,6,541.5559696647589,0.03130574766182613,Provincia,App,Tarjeta,37,36-50,31,1,0,Platino,Alto,0
Premium,18,27.339479058507173,27.600271166818928,2,492.11062305312913,0.0309430350349025,Lima,App,Tarjeta,43,36-50,16,2,1,Platino,Bajo,0
Premium,12,46.49221794398446,36.92325076042881,5,557.9066153278135,0.029851157685500472,Provincia,App,Billetera,49,36-50,31,1,1,Platino,Medio,1
Premium,15,47.722803851642475,30.00212433853804,4,715.8420577746372,0.02869573447040846,Lima,Tienda,Billetera,42,36-50,20,2,1,Platino,Medio,1
Premium,12,57.15493096769485,27.879730083976455,6,685.8591716123383,0.032016369579999926,Lima,App,Tarjeta,42,36-50,37,2,1,Platino,Medio,1
Premium,18,36.00921571815525,21.8248835584555,4,648.1658829267944,0.036932162956229496,Lima,Web,Tarjeta,49,36-50,27,3,1,Platino,Bajo,1
Premium,12,94.9094388402374,29.008672457712557,5,1138.9132660828488,0.03337261544966958,Lima,App,Tarjeta,35,26-35,27,2,1,Platino,Medio,1
Premium,12,54.509626347764765,28.026884827308294,5,654.1155161731772,0.03212109632528965,Lima,Web,Tarjeta,33,26-35,33,3,1,Platino,Bajo,0
Premium,13,60.06730071227065,28.572631233404223,6,780.8749092595185,0.03922692558635255,Provincia,App,Tarjeta,29,26-35,39,3,1,Platino,Bajo,1
Premium,12,34.28847648882117,32.975680324471,3,411.461717865854,0.02843656324639494,Lima,Web,Tarjeta,36,36-50,32,1,1,Platino,Medio,1
Premium,6,60.81514086299741,27.78984723617965,8,364.8908451779845,0.031819637398423146,Lima,Web,Transferencia,50,36-50,48,2,1,Platino,Medio,1
Premium,16,50.375418414868214,35.810348777846166,2,806.0066946378914,0.031109948355887367,Provincia,Web,Tarjeta,45,36-50,47,3,0,Platino,Bajo,1
Premium,8,60.91805339074646,29.248411963515807,12,487.34442712597166,0.02849280520921406,Lima,App,Billetera,33,26-35,23,3,1,Oro,Bajo,1
Premium,15,49.29779638482383,33.19105454907204,8,739.4669457723575,0.034352961865863965,Lima,App,Transferencia,45,36-50,19,1,1,Platino,Medio,0
Premium,13,24.777220825120494,29.45067842205349,6,322.1038707265664,0.030560361705612497,Lima,App,Tarjeta,39,36-50,18,2,1,Oro,Bajo,0
Premium,3,48.48032617683961,27.028074618624572,4,145.44097853051883,0.03260471826919002,Lima,App,Tarjeta,33,26-35,48,3,1,Oro,Bajo,1
Premium,16,60.6014381867127,26.311148701506518,6,969.6230109874032,0.032843160764651436,Lima,App,Billetera,36,36-50,18,3,1,Platino,Bajo,1
Premium,16,41.06253980916286,32.41611884172297,3,657.0006369466057,0.0348633426943893,Provincia,Web,Billetera,41,36-50,26,2,1,Platino,Bajo,0
Premium,11,46.12035031092548,32.054033591006466,4,507.3238534201803,0.027780239692668622,Lima,App,Tarjeta,36,36-50,30,2,1,Platino,Bajo,0
Premium,11,48.23866496449022,33.022897381528466,5,530.6253146093924,0.03347448420923317,Lima,App,Tarjeta,49,36-50,48,2,1,Platino,Medio,1
Premium,13,21.00486120131518,35.88524532652225,6,273.06319561709734,0.030212947433266833,Provincia,Tienda,Efectivo,39,36-50,17,2,1,Oro,Bajo,0
Premium,10,66.71347575437477,20.090815274195815,8,667.1347575437477,0.039408901414638806,Lima,Web,Tarjeta,27,26-35,41,3,1,Platino,Bajo,1
Premium,11,40.98624320102826,38.07150772362462,4,450.8486752113108,0.028951968623745925,Lima,Tienda,Tarjeta,43,36-50,30,1,1,Platino,Alto,0
Premium,13,55.05735432472799,36.2601590731272,5,715.7456062214638,0.02927688997630964,Lima,App,Billetera,33,26-35,29,1,1,Platino,Medio,1
Premium,10,49.132988638517915,27.288588103069976,5,491.3298863851792,0.03195674097181386,Lima,App,Billetera,24,18-25,30,3,1,Oro,Bajo,0
Premium,11,62.5761905635936,27.241238957178552,7,688.3380961995296,0.03298243039612771,Lima,Web,Transferencia,43,36-50,23,3,1,Oro,Bajo,0
Premium,15,54.06056122428081,34.07528803476527,5,810.9084183642121,0.031055900604875675,Provincia,App,Tarjeta,18,18-25,26,3,1,Platino,Bajo,1
Premium,5,47.65075728479025,35.178377095157835,7,238.25378642395125,0.026408656220311553,Lima,App,Tarjeta,37,36-50,23,1,1,Plata,Alto,0
Premium,18,41.0648490748072,23.365583137334717,4,739.1672833465295,0.038894932875574204,Lima,App,Transferencia,18,18-25,17,3,1,Platino,Bajo,1
Premium,12,57.978507013821385,38.795114251842236,12,695.7420841658566,0.029988530440253666,Lima,Web,Billetera,38,36-50,18,1,1,Oro,Medio,1
Premium,10,31.26558696045383,26.79563839997801,3,312.65586960453834,0.03537925917425532,Lima,App,Tarjeta,39,36-50,42,3,1,Platino,Bajo,1
Premium,13,56.45890420275892,26.1919100206166,1,733.965754635866,0.03232036482275078,Lima,Web,Billetera,44,36-50,26,4,0,Platino,Bajo,0
Premium,7,39.00955248445128,25.94762431140825,10,273.06686739115895,0.03305090274596719,Lima,App,Tarjeta,41,36-50,37,3,0,Oro,Bajo,0
Premium,21,62.5228366195664,36.17972869135181,14,1312.9795690108945,0.03365298596633479,Lima,App,Tarjeta,27,26-35,28,3,1,Platino,Bajo,1
Premium,13,51.61299542662695,27.702085569067844,6,670.9689405461504,0.03229076713341253,Lima,App,Tarjeta,37,36-50,28,4,0,Platino,Bajo,1
Premium,13,56.44123767850109,23.899581194234365,5,733.7360898205142,0.03623518386991186,Lima,App,Transferencia,29,26-35,29,3,1,Platino,Bajo,1
Premium,13,50.819888138247194,36.49598010832525,3,660.6585457972135,0.029336231409393197,Lima,Tienda,Efectivo,34,26-35,37,3,1,Platino,Bajo,1
Premium,11,32.47622904859003,18.7714767080006,3,357.2385195344903,0.03903570950832927,Lima,Tienda,Efectivo,39,36-50,23,3,1,Oro,Bajo,1
Premium,13,41.39270836604662,28.773356590338267,7,538.1052087586061,0.030656703181513603,Lima,App,Tarjeta,32,26-35,28,4,0,Platino,Bajo,1
Premium,10,56.72389337611382,29.157209687519885,6,567.2389337611382,0.033310690455456884,Lima,Web,Billetera,30,26-35,39,3,1,Platino,Bajo,1
Premium,14,51.66655817359844,34.61278175716451,5,723.3318144303781,0.036380536354978524,Lima,Web,Tarjeta,41,36-50,41,1,1,Platino,Medio,0
Premium,8,123.666924761026,38.3473784251322,4,989.335398088208,0.03163841081726602,Lima,App,Tarjeta,39,36-50,45,1,1,Platino,Medio,0
Premium,12,54.03274563037172,30.405281794455725,6,648.3929475644607,0.03798072189271927,Provincia,Web,Efectivo,31,26-35,20,3,1,Oro,Bajo,0
Premium,13,40.3329810929734,26.803615948071904,10,524.3287542086541,0.03213456261701832,Lima,Web,Tarjeta,37,36-50,24,3,1,Platino,Bajo,0
Premium,10,42.03935862279366,22.277967621528475,3,420.39358622793657,0.03740923218911471,Lima,App,Tarjeta,34,26-35,28,3,1,Oro,Bajo,0
Premium,9,51.02917390523237,32.497478708259884,2,459.2625651470913,0.03087962185151039,Lima,App,Tarjeta,34,26-35,17,3,0,Oro,Medio,1
Premium,9,26.859559339998945,22.326805302719574,5,241.73603405999052,0.03542716373639987,Lima,App,Tarjeta,35,26-35,39,3,1,Platino,Bajo,1
Premium,11,66.73441885622985,25.561218151005527,7,734.0786074185283,0.03373020523423996,Lima,App,Tarjeta,37,36-50,33,3,1,Platino,Bajo,0
Premium,11,54.41746736377557,34.73577406289332,7,598.5921410015313,0.03136581025232149,Lima,App,Tarjeta,44,36-50,28,1,1,Platino,Medio,1
Premium,17,62.27034597048872,21.475925290404717,10,1058.5958814983082,0.034864617960075776,Lima,Web,Tarjeta,39,36-50,40,4,0,Platino,Bajo,1
Premium,12,34.19396059190831,28.82589041509961,7,410.3275271028997,0.032440034271200215,Lima,Web,Tarjeta,34,26-35,22,2,1,Oro,Medio,0
Premium,11,62.445651603552555,28.869174451066453,8,686.9021676390781,0.037795025374962,Lima,App,Transferencia,35,26-35,41,2,1,Platino,Medio,1
Premium,14,72.31498911027748,27.08486093800676,8,1012.4098475438848,0.030401950131632827,Lima,App,Tarjeta,26,26-35,47,3,1,Platino,Bajo,1
Premium,19,36.79121644622683,39.10459124378775,7,699.0331124783097,0.027552200703686296,Lima,Web,Efectivo,31,26-35,33,2,1,Platino,Medio,0
Premium,10,57.71401794903767,33.92339676479144,3,577.1401794903767,0.025395776282808258,Lima,App,Transferencia,38,36-50,30,2,1,Platino,Medio,1
Premium,9,50.01109944687293,35.04027701552456,7,450.0998950218564,0.0319759495428016,Lima,Web,Billetera,18,18-25,32,1,1,Oro,Alto,1
Premium,15,34.55566151751756,26.396317017588675,6,518.3349227627633,0.029971875211380637,Lima,Tienda,Efectivo,38,36-50,16,3,1,Oro,Bajo,0
Premium,11,54.928839718518695,25.56737137741002,5,604.2172369037056,0.038974012273995634,Lima,Tienda,Tarjeta,47,36-50,28,3,1,Platino,Bajo,1
Premium,13,58.33603204837348,39.83724819698335,9,758.3684166288552,0.02816250657893774,Provincia,Web,Tarjeta,41,36-50,51,1,0,Platino,Medio,0
Premium,15,43.98873447331153,29.809686369889118,4,659.831017099673,0.03000418362058627,Lima,App,Efectivo,42,36-50,51,2,1,Platino,Bajo,0
Premium,17,61.65916520255223,26.176746161131504,9,1048.205808443388,0.03384300943314506,Lima,App,Billetera,38,36-50,31,2,1,Platino,Bajo,1
Premium,19,33.33236593210802,39.44165560576745,5,633.3149527100524,0.028808860996480008,Lima,Web,Tarjeta,54,51+,25,1,1,Platino,Medio,0
Premium,10,35.052438535503555,24.374906566762416,5,350.5243853550355,0.03307253241553198,Lima,Tienda,Efectivo,30,26-35,40,3,1,Platino,Bajo,1
Premium,11,51.365973955887526,23.51807361757227,9,565.0257135147627,0.03375422095791242,Lima,App,Billetera,36,36-50,30,3,1,Platino,Bajo,0
Premium,11,50.25385277972272,34.883306649664185,7,552.7923805769499,0.030839445281628877,Lima,App,Billetera,41,36-50,39,2,1,Platino,Medio,0
Premium,9,42.834265115758946,24.755744733108617,4,385.50838604183053,0.03595837049040711,Lima,Web,Transferencia,35,26-35,23,4,0,Oro,Bajo,0
Premium,10,58.09594435971886,39.6519942543856,9,580.9594435971885,0.02935575195120047,Lima,App,Tarjeta,44,36-50,33,2,1,Platino,Medio,0
Premium,8,55.30894314215949,25.402437047801662,6,442.47154513727594,0.03592982544671348,Lima,App,Tarjeta,40,36-50,26,4,0,Oro,Bajo,1
Premium,11,58.581390709340155,24.13322397519106,4,644.3952978027417,0.035906854649574584,Lima,Web,Tarjeta,26,26-35,30,4,0,Platino,Bajo,0
Premium,8,48.76863564647732,33.74891137855279,5,390.14908517181857,0.035372022694220684,Provincia,App,Tarjeta,38,36-50,24,2,1,Oro,Medio,0
Premium,14,150.42731201396393,34.99269699413127,4,2105.982368195495,0.030049431212884767,Lima,App,Billetera,40,36-50,29,4,0,Platino,Bajo,1
Premium,14,45.54349696970006,34.52419450837899,10,637.6089575758008,0.034305701082655675,Provincia,App,Tarjeta,48,36-50,33,1,1,Platino,Medio,0
Premium,12,70.53818690086595,28.77775663582659,5,846.4582428103914,0.03709747480457048,Provincia,Web,Tarjeta,37,36-50,37,3,1,Platino,Bajo,0
Premium,14,41.87454229878014,40.82661481080139,7,586.2435921829219,0.034266571999324265,Provincia,App,Tarjeta,39,36-50,28,1,1,Platino,Medio,1
Premium,12,71.05297429458312,26.3735920786811,6,852.6356915349975,0.03235840386819745,Lima,App,Efectivo,37,36-50,45,3,1,Platino,Bajo,0
Premium,14,50.34887947089408,22.4525491587125,3,704.8843125925172,0.03642047541704941,Lima,Web,Tarjeta,34,26-35,17,3,1,Oro,Bajo,0
Premium,11,36.24489110431257,25.515435580672097,6,398.6938021474383,0.036304286547814986,Lima,App,Transferencia,32,26-35,15,3,1,Oro,Bajo,1
Premium,14,63.68079350488601,31.783284649123136,8,891.5311090684041,0.02678531561334066,Lima,App,Billetera,18,18-25,24,2,1,Platino,Bajo,1
Premium,16,51.25901388394959,24.24159042473821,9,820.1442221431935,0.03518858857447417,Lima,App,Tarjeta,31,26-35,30,3,1,Platino,Bajo,0
Premium,11,58.51124098380238,35.29098772175283,13,643.6236508218262,0.03329906538315833,Lima,App,Tarjeta,48,36-50,46,1,1,Platino,Medio,1
Premium,9,62.238559185425935,32.407871919950914,5,560.1470326688334,0.03344673001455704,Lima,Web,Billetera,37,36-50,28,2,1,Oro,Medio,0
Premium,13,53.37955554145025,25.451825595253794,7,693.9342220388532,0.03362935056128007,Lima,Web,Billetera,45,36-50,21,3,1,Platino,Bajo,0
Premium,10,44.077591551871855,28.1198837789325,6,440.77591551871853,0.030428395088022454,Lima,Web,Tarjeta,40,36-50,24,2,1,Oro,Medio,0
Premium,16,59.7571337766925,30.14393386837738,7,956.11414042708,0.029546960428559785,Lima,Web,Tarjeta,41,36-50,31,2,1,Platino,Bajo,1
Premium,8,50.007555074545955,31.602693258474098,4,400.06044059636764,0.03324231951317201,Lima,App,Billetera,51,51+,19,3,0,Oro,Bajo,0
Premium,10,56.85857818608419,25.232280316948756,5,568.5857818608418,0.036642700320123546,Lima,Web,Tarjeta,35,26-35,49,3,1,Platino,Bajo,1
Premium,12,28.462694262085385,44.832697845902786,10,341.5523311450246,0.02871638833893515,Provincia,Web,Tarjeta,35,26-35,7,2,0,Oro,Medio,0
Premium,8,54.46981717009852,35.5435131948788,1,435.7585373607882,0.03255846707535376,Lima,App,Billetera,44,36-50,22,2,1,Oro,Medio,0
Premium,19,43.6141417485497,37.40557614800076,7,828.6686932224443,0.027631205404883608,Provincia,App,Tarjeta,34,26-35,24,2,1,Platino,Bajo,1
Premium,12,66.5330963717853,21.87722603316828,7,798.3971564614237,0.04121460715491216,Lima,App,Transferencia,33,26-35,20,3,1,Oro,Bajo,0
Premium,7,56.23087347889095,33.66342125805655,4,393.61611435223665,0.031659385872578695,Provincia,App,Tarjeta,43,36-50,37,2,0,Oro,Medio,0
Premium,10,52.398577458492966,32.34035983992566,3,523.9857745849297,0.02720657645951763,Lima,App,Tarjeta,37,36-50,23,2,1,Oro,Medio,0
Premium,3,54.86309993350221,33.90841922488531,4,164.58929980050664,0.03339990201707562,Provincia,Web,Transferencia,37,36-50,36,2,0,Oro,Medio,1
Premium,15,40.01559147123282,27.723211943338708,1,600.2338720684922,0.032977702090789866,Lima,Web,Tarjeta,35,26-35,46,2,1,Platino,Bajo,1
Premium,12,66.23256690528054,30.34428675847582,5,794.7908028633665,0.031361199881238,Lima,Web,Transferencia,31,26-35,42,3,1,Platino,Bajo,0
Premium,11,69.91370418416905,22.172803922775763,4,769.0507460258596,0.03410221024172364,Lima,App,Tarjeta,23,18-25,32,3,1,Platino,Bajo,1
Premium,15,53.92913510548216,27.573285664483212,9,808.9370265822324,0.03326261235843396,Lima,App,Tarjeta,44,36-50,30,3,1,Platino,Bajo,0
Premium,11,126.16655863612095,25.36351915467393,8,1387.8321449973305,0.03334827923458909,Lima,Web,Tarjeta,35,26-35,39,2,1,Platino,Medio,0
Premium,12,44.308518013274664,22.618930051813823,4,531.702216159296,0.03434332732100554,Lima,Web,Billetera,24,18-25,27,3,1,Platino,Bajo,0
Premium,10,42.02886433775019,36.78406876211022,8,420.2886433775019,0.02882960206422874,Lima,App,Tarjeta,49,36-50,25,3,1,Oro,Bajo,0
Premium,12,50.40924748728923,36.88339685212364,1,604.9109698474707,0.03088017697701351,Provincia,Web,Tarjeta,39,36-50,20,2,0,Oro,Bajo,1
Premium,8,54.349410383678986,24.033565642611514,3,434.7952830694319,0.031494193480622476,Lima,App,Tarjeta,35,26-35,33,4,0,Oro,Bajo,0
Premium,10,46.060133187568795,28.568678508864423,6,460.60133187568795,0.029917088062761842,Lima,Web,Transferencia,25,18-25,19,3,1,Oro,Bajo,0
Premium,5,55.37768190368484,26.959486602136735,8,276.88840951842417,0.0331049834334255,Lima,Tienda,Tarjeta,45,36-50,23,3,1,Oro,Bajo,0
Premium,6,53.06389482073414,22.473094082223902,6,318.38336892440486,0.03487067863354665,Lima,Web,Billetera,34,26-35,51,4,0,Platino,Bajo,1
Premium,11,40.01693224708945,28.391797351442392,7,440.18625471798396,0.03425581140588505,Lima,Web,Billetera,34,26-35,37,4,0,Platino,Bajo,1
Premium,9,55.18793017451721,40.62494684010758,5,496.6913715706549,0.032252499271103865,Provincia,App,Tarjeta,38,36-50,34,1,1,Platino,Medio,1
Premium,6,58.63528242521521,27.401624535066198,4,351.8116945512912,0.03594230772607056,Lima,Web,Tarjeta,39,36-50,23,2,1,Oro,Medio,1
Premium,10,51.71469317590391,25.37824360658133,4,517.1469317590391,0.033899204907263315,Lima,App,Billetera,27,26-35,38,4,0,Platino,Bajo,0
Premium,18,61.52648103261693,37.44876893448922,7,1107.4766585871048,0.033953954955811015,Lima,App,Tarjeta,24,18-25,20,1,1,Platino,Medio,1
Premium,6,37.82596206503048,33.87807160842247,4,226.9557723901829,0.02675680592955257,Lima,App,Billetera,36,36-50,15,2,1,Plata,Medio,0
Premium,21,54.67950422131852,21.551303046302905,4,1148.2695886476888,0.04409451978109913,Lima,App,Tarjeta,36,36-50,24,3,1,Platino,Bajo,0
Premium,11,38.29719293603225,34.26076423640308,8,421.2691222963548,0.03282871135362359,Lima,App,Tarjeta,56,51+,18,1,1,Oro,Medio,0
Premium,10,38.85918641766912,30.988455361067064,6,388.5918641766912,0.02764180972862665,Lima,Web,Billetera,20,18-25,35,2,0,Platino,Medio,0
Premium,12,43.6906916626221,37.39559807260607,6,524.2882999514652,0.0318821295812042,Provincia,Web,Tarjeta,39,36-50,34,1,1,Platino,Alto,0
Premium,16,40.579398164257555,31.607163562275495,5,649.2703706281209,0.030065917340746515,Lima,Web,Tarjeta,25,18-25,32,1,1,Platino,Medio,1
Premium,13,44.52004181258862,35.9820195789358,6,578.760543563652,0.03194941365470189,Lima,App,Transferencia,32,26-35,36,2,1,Platino,Medio,1
Premium,12,47.85849689288811,32.272005228131434,6,574.3019627146573,0.034485137076824976,Lima,Web,Billetera,35,26-35,35,2,1,Platino,Medio,0
Premium,13,58.371544863313844,23.985053166624358,4,758.83008322308,0.0411959137569349,Lima,App,Tarjeta,39,36-50,23,4,0,Platino,Bajo,0
Premium,15,46.78840961294298,30.15328565749184,2,701.8261441941447,0.03162918744165561,Lima,Web,Billetera,43,36-50,35,2,1,Platino,Medio,1
Premium,11,34.14374293230407,27.971032703195473,6,375.58117225534477,0.03487579659829767,Lima,Web,Transferencia,49,36-50,33,3,1,Platino,Bajo,1
Premium,11,61.4006784649516,33.97422574886194,6,675.4074631144676,0.03496626516443152,Lima,Tienda,Billetera,42,36-50,24,2,1,Oro,Medio,1
Premium,12,41.629098663849604,34.92985424245419,4,499.54918396619524,0.03389481422673418,Lima,App,Transferencia,43,36-50,26,2,1,Oro,Bajo,0
Premium,13,49.41279572895371,51.176584746608185,4,642.3663444763982,0.027597943277947578,Provincia,Web,Transferencia,49,36-50,39,1,1,Platino,Medio,0
Premium,16,54.46536506940711,32.19455056446192,4,871.4458411105138,0.02616806891577867,Lima,App,Billetera,37,36-50,17,1,1,Platino,Medio,1
Premium,9,51.99610418402783,36.68989144453387,8,467.96493765625047,0.03159395568205836,Provincia,App,Tarjeta,44,36-50,33,3,1,Oro,Bajo,0
Premium,9,60.941795475214754,29.847736494145725,5,548.4761592769328,0.03377728128254591,Lima,App,Billetera,37,36-50,29,3,1,Oro,Bajo,0
Premium,14,54.79003143392759,26.0236112005382,5,767.0604400749862,0.036405574595807254,Lima,App,Tarjeta,35,26-35,30,3,1,Platino,Bajo,0
Premium,13,41.38690420302892,32.79223662367557,4,538.0297546393759,0.03085884439318319,Lima,App,Tarjeta,30,26-35,27,4,0,Platino,Bajo,1
Premium,7,71.78562173991662,43.009595552434256,5,502.49935217941635,0.027511287550998867,Lima,Web,Transferencia,41,36-50,34,1,1,Oro,Alto,0
Premium,17,51.943334633382335,25.607068089053783,5,883.0366887674998,0.03304913409198297,Lima,App,Tarjeta,38,36-50,14,3,1,Platino,Bajo,1
Premium,14,48.52659773378494,16.475539088991805,6,679.3723682729892,0.041905858536357296,Lima,Web,Billetera,41,36-50,33,3,1,Platino,Bajo,1
Premium,6,59.63925423055571,29.88362725179197,7,357.83552538333424,0.03029371359493306,Lima,Web,Billetera,47,36-50,20,3,0,Oro,Medio,0
Premium,11,52.49450945930072,25.66005310611919,8,577.4396040523079,0.029449703603263367,Lima,Web,Tarjeta,45,36-50,40,3,1,Platino,Bajo,0
Premium,20,53.99228192939327,22.3261759146109,8,1079.8456385878653,0.03810617917211563,Lima,App,Tarjeta,23,18-25,17,3,1,Platino,Bajo,1
Premium,10,74.92183998600687,25.404246374763062,12,749.2183998600688,0.03171637688230768,Lima,Web,Tarjeta,26,26-35,6,3,1,Oro,Bajo,0
Premium,10,47.248785717449536,41.420981056098995,4,472.4878571744954,0.03090838693838078,Provincia,Web,Billetera,39,36-50,13,1,1,Oro,Medio,0
Premium,14,46.82239105982604,26.506107161572416,2,655.5134748375646,0.03248791325996807,Lima,Web,Billetera,30,26-35,29,4,0,Platino,Bajo,0
Premium,15,51.16578512012464,33.22977092965704,4,767.4867768018696,0.03493121856196969,Provincia,Web,Tarjeta,37,36-50,14,2,0,Oro,Bajo,0
Premium,10,60.715159355810385,30.60829077625865,3,607.1515935581039,0.029370463208383775,Lima,App,Billetera,28,26-35,17,3,1,Oro,Bajo,1
Premium,12,34.93465969809601,29.927178987035845,11,419.21591637715215,0.033568468412327995,Lima,Tienda,Efectivo,41,36-50,23,2,1,Oro,Bajo,0
Premium,8,30.344441085234948,24.6565973246267,8,242.75552868187958,0.037672670549564496,Lima,Web,Tarjeta,30,26-35,35,3,1,Oro,Bajo,1
Premium,11,44.12884729379852,15.67220271540301,8,485.4173202317837,0.04023889584107839,Lima,App,Tarjeta,38,36-50,22,4,0,Oro,Bajo,1
Premium,14,33.66077040940713,38.22474177816155,6,471.2507857316998,0.02875004970596265,Provincia,App,Tarjeta,26,26-35,28,2,1,Platino,Medio,1
Premium,13,45.75168652474362,32.98667058349732,11,594.7719248216671,0.03044140778325781,Lima,Web,Transferencia,39,36-50,28,3,0,Platino,Bajo,0
Premium,14,55.0249969612929,24.567677744416535,3,770.3499574581006,0.031985751610314334,Lima,App,Tarjeta,22,18-25,16,4,0,Oro,Bajo,1
Premium,13,41.09251136447736,32.031256049835925,3,534.2026477382057,0.03369365770081297,Lima,Web,Billetera,29,26-35,34,3,0,Platino,Bajo,1
Premium,9,35.731734232186575,35.67217449989882,2,321.58560808967917,0.03399856656089274,Lima,App,Transferencia,41,36-50,53,2,1,Platino,Medio,0
Premium,12,50.69337161715348,33.46991681036666,6,608.3204594058418,0.036006465250028555,Provincia,App,Tarjeta,45,36-50,13,2,0,Oro,Bajo,0
Premium,6,58.625434846151705,33.32406661059219,4,351.75260907691023,0.0336636488361455,Provincia,Web,Tarjeta,45,36-50,21,3,0,Oro,Bajo,0
Premium,10,33.050265614833876,20.820117489973228,14,330.50265614833876,0.04058484654370153,Lima,Web,Tarjeta,44,36-50,17,3,1,Oro,Bajo,0
Premium,12,58.20232398305984,21.619585753179006,5,698.4278877967181,0.034732100321476896,Lima,Web,Tarjeta,50,36-50,28,3,1,Platino,Bajo,0
Premium,10,58.17306203738326,32.81315633253379,5,581.7306203738326,0.03325884742733106,Provincia,Web,Tarjeta,46,36-50,15,2,1,Oro,Medio,0
Premium,9,59.54085102156628,25.304750456657057,8,535.8676591940965,0.03046027905538105,Lima,Web,Tarjeta,26,26-35,43,2,1,Platino,Medio,1
Premium,14,62.18480214871686,33.12045443170275,8,870.5872300820361,0.03238318834030794,Provincia,App,Tarjeta,43,36-50,44,2,1,Platino,Bajo,0
Premium,11,72.02013924659616,40.067790660884434,7,792.2215317125577,0.029953778915378745,Lima,Web,Billetera,46,36-50,37,1,1,Platino,Medio,1
Premium,15,46.439079513809446,37.414368166001516,6,696.5861927071417,0.02853278269824725,Lima,App,Tarjeta,20,18-25,39,1,1,Platino,Medio,0
Premium,5,51.09571580077858,28.09608842423258,10,255.4785790038929,0.029261575126129882,Lima,Web,Billetera,33,26-35,31,3,1,Oro,Medio,0
Premium,9,45.83561566751975,28.275794485851684,4,412.5205410076777,0.03085321841105891,Lima,App,Tarjeta,48,36-50,41,3,1,Platino,Bajo,0
Premium,16,50.01976844755811,24.99710463131107,9,800.3162951609297,0.032221074683371397,Lima,Web,Billetera,37,36-50,27,3,1,Platino,Bajo,0
Premium,14,65.32873355636312,22.554627159345767,8,914.6022697890837,0.03564092145537853,Lima,App,Tarjeta,26,26-35,25,3,1,Platino,Bajo,0
Premium,10,36.54985516069331,30.819377953157456,6,365.4985516069331,0.03010250007766633,Lima,App,Billetera,42,36-50,37,2,1,Platino,Medio,0
Premium,15,41.38950327834424,38.719083160852826,6,620.8425491751636,0.027747531314072024,Lima,App,Tarjeta,33,26-35,26,1,1,Platino,Medio,1
Premium,16,63.77180936504561,36.448807354915246,10,1020.3489498407298,0.031224319832389977,Lima,App,Tarjeta,32,26-35,51,3,0,Platino,Bajo,0
Premium,11,60.2003650690209,32.62867130191334,8,662.2040157592298,0.02720956833962526,Lima,App,Billetera,42,36-50,41,2,1,Platino,Bajo,1
Premium,9,46.36868353182922,26.81486191921508,9,417.318151786463,0.037845408120139715,Lima,App,Billetera,38,36-50,24,3,1,Oro,Bajo,0
Premium,8,58.544020011207195,22.84375305864476,4,468.35216008965756,0.03631410412940999,Lima,Web,Billetera,37,36-50,28,4,0,Oro,Bajo,0
Premium,13,53.412158424920335,31.895079859560013,4,694.3580595239644,0.02979240249665344,Provincia,App,Tarjeta,38,36-50,29,1,1,Platino,Medio,0
Premium,12,65.00274609000988,21.66706190806634,8,780.0329530801185,0.03145359258757627,Lima,App,Transferencia,34,26-35,22,3,1,Platino,Bajo,1
Premium,13,50.745095938267724,31.52835012535903,6,659.6862471974804,0.028619389328615675,Lima,Web,Tarjeta,45,36-50,39,4,0,Platino,Bajo,0
Premium,12,60.25632113872582,35.338596820965066,4,723.0758536647099,0.032306435506127,Lima,App,Tarjeta,24,18-25,21,1,1,Oro,Medio,0
Premium,9,76.4201191049262,31.1794628061368,4,687.7810719443358,0.03521613619626818,Lima,Web,Billetera,36,36-50,29,2,1,Oro,Bajo,0
Premium,10,55.98099155047466,30.001991227775413,6,559.8099155047466,0.032938922376628814,Provincia,App,Tarjeta,32,26-35,22,3,1,Oro,Bajo,1
Premium,12,50.49328165794844,29.935214571159072,10,605.9193798953812,0.03787599296446318,Lima,Web,Billetera,40,36-50,25,3,1,Platino,Bajo,0
Premium,9,57.22446985220979,31.534314559359697,6,515.0202286698882,0.036213215908067135,Lima,App,Tarjeta,26,26-35,38,3,1,Platino,Bajo,0
Premium,7,46.34719141796115,31.025434217050027,5,324.43033992572805,0.02948345112121887,Lima,App,Billetera,47,36-50,37,4,0,Oro,Bajo,1
Premium,15,73.87967705524733,27.316070227613352,2,1108.1951558287099,0.029745648903407203,Lima,Web,Efectivo,32,26-35,27,2,1,Platino,Bajo,0
Premium,7,51.80071037695981,29.11277035074656,8,362.60497263871866,0.031163314513189,Lima,App,Tarjeta,43,36-50,41,3,1,Oro,Bajo,1
Premium,16,47.27066679774487,30.54120719190599,6,756.330668763918,0.03870453230783594,Lima,Tienda,Efectivo,45,36-50,36,2,1,Platino,Bajo,1
Premium,13,41.64310994979964,25.975640716876867,5,541.3604293473953,0.033417110839502065,Lima,App,Billetera,37,36-50,31,3,1,Platino,Bajo,1
Premium,12,60.972201916064385,23.99359005800852,10,731.6664229927726,0.036596522882929,Lima,Web,Billetera,40,36-50,39,3,1,Platino,Bajo,1
Premium,13,58.67187412827739,30.62047538130535,2,762.7343636676061,0.028960660039823123,Lima,Tienda,Efectivo,25,18-25,44,3,1,Platino,Bajo,1
Premium,11,45.02645628585907,33.69774104983586,10,495.29101914444976,0.03418939755681456,Lima,App,Transferencia,31,26-35,34,2,1,Platino,Bajo,0
Premium,12,55.764513451224225,29.47366560279119,1,669.1741614146907,0.036045444393663605,Lima,Web,Tarjeta,64,51+,33,3,0,Platino,Bajo,0
Premium,14,34.91444031787144,29.796082904202613,6,488.80216445020017,0.03216531583273533,Lima,App,Transferencia,37,36-50,11,2,1,Oro,Bajo,0
Premium,8,51.849705750731566,22.66027823501273,4,414.7976460058525,0.03438844341782506,Lima,Web,Billetera,41,36-50,33,3,1,Oro,Bajo,0
Premium,8,54.52756352076695,37.749102823740735,7,436.2205081661356,0.02820776461587733,Lima,Web,Tarjeta,23,18-25,35,1,1,Oro,Alto,1
Premium,12,67.07329809559224,34.297061566061124,3,804.8795771471068,0.03472756724411209,Provincia,App,Transferencia,33,26-35,33,3,1,Platino,Bajo,1
Premium,7,42.291811972713106,32.97698853856357,4,296.04268380899174,0.037310209648120554,Lima,App,Tarjeta,32,26-35,21,2,1,Oro,Bajo,0
Premium,13,37.21647371197676,20.91663663307618,5,483.81415825569786,0.04074770497929203,Lima,Web,Tarjeta,32,26-35,23,4,0,Oro,Bajo,1
Premium,7,41.04572039074958,25.153707855431286,5,287.32004273524706,0.03235445941705755,Lima,Web,Billetera,43,36-50,37,4,0,Oro,Bajo,1
Premium,9,36.634314996850804,33.913753971216735,4,329.7088349716572,0.03411314893535105,Provincia,Web,Tarjeta,35,26-35,26,2,1,Oro,Medio,0
Premium,9,146.6537612405692,23.388576413194702,3,1319.8838511651227,0.03743455572048978,Lima,Web,Tarjeta,32,26-35,32,3,1,Platino,Bajo,0
Premium,19,65.48639295024037,42.15778550566922,7,1244.2414660545671,0.028928757088321936,Lima,App,Billetera,23,18-25,9,1,1,Platino,Medio,1
Premium,7,53.20216577948829,42.39668223515534,9,372.41516045641805,0.03030143677591637,Provincia,Web,Tarjeta,29,26-35,30,1,1,Oro,Medio,0
Premium,9,62.21294945685148,33.68207615868955,11,559.9165451116634,0.03234639483744311,Lima,Web,Tarjeta,30,26-35,38,2,1,Platino,Medio,1
Premium,9,89.303346433518,30.461455071882487,7,803.730117901662,0.028495728664763638,Lima,App,Tarjeta,32,26-35,33,4,0,Platino,Bajo,0
Premium,18,49.04888352299234,28.421225227899864,9,882.8799034138622,0.03031441373265445,Lima,App,Tarjeta,31,26-35,29,2,1,Platino,Bajo,1
Premium,14,46.66962380946239,32.85894614821238,5,653.3747333324734,0.03504906412145523,Provincia,Web,Tarjeta,33,26-35,20,2,1,Platino,Medio,0
Premium,24,46.89609008622435,29.632184459330748,7,1125.5061620693843,0.035864996181977,Lima,Web,Transferencia,25,18-25,12,3,1,Platino,Bajo,1
Premium,14,34.52198443690969,38.458562032812836,7,483.30778211673567,0.029891841185232332,Provincia,App,Tarjeta,27,26-35,22,1,1,Oro,Medio,1
Premium,18,52.64254763607339,32.652517799368205,4,947.565857449321,0.0310664160535956,Lima,Tienda,Efectivo,41,36-50,40,2,1,Platino,Medio,0
Premium,12,49.596660897859564,42.179368729232046,6,595.1599307743147,0.03173671897972384,Provincia,App,Tarjeta,47,36-50,29,1,1,Platino,Medio,1
Premium,11,57.45360724077876,26.58504424238341,4,631.9896796485664,0.03513640900202421,Lima,Tienda,Tarjeta,53,51+,37,3,1,Platino,Bajo,1
Premium,18,50.9352349643861,39.043098019825926,5,916.8342293589498,0.030465659036594407,Lima,App,Tarjeta,51,51+,44,1,1,Platino,Medio,1
Premium,10,48.37296298430908,36.88549310976419,6,483.72962984309083,0.03480257829330034,Lima,App,Transferencia,37,36-50,31,2,0,Oro,Medio,1
Premium,10,41.288069699923696,35.51280640478972,3,412.880696999237,0.032579614766254296,Lima,App,Tarjeta,35,26-35,38,1,1,Platino,Alto,0
Premium,10,50.721532368217616,32.59112673186892,5,507.2153236821762,0.02829588130730918,Lima,Web,Billetera,43,36-50,41,2,1,Platino,Medio,1
Premium,14,57.38237230816162,33.280164658605194,7,803.3532123142627,0.034461965824188,Lima,App,Tarjeta,32,26-35,16,3,0,Oro,Bajo,1
Premium,9,38.566610089161394,22.822074006126275,9,347.0994908024525,0.03805025583830987,Lima,Web,Tarjeta,44,36-50,22,3,1,Oro,Bajo,1
Premium,7,50.874737536807395,25.649617947424318,7,356.12316275765176,0.035916497616955055,Lima,App,Tarjeta,34,26-35,13,3,1,Plata,Bajo,0
Premium,11,52.33042951529484,38.68082620677496,6,575.6347246682433,0.029426567584863794,Provincia,Web,Tarjeta,40,36-50,12,2,0,Oro,Medio,1
Premium,6,42.819352163817356,26.310162281207948,6,256.9161129829041,0.031481989390537736,Lima,App,Billetera,29,26-35,25,3,0,Oro,Medio,0
Premium,16,44.12143695092,37.48722354855852,7,705.94299121472,0.032665468381155194,Lima,App,Billetera,43,36-50,27,2,1,Platino,Bajo,1
Premium,11,52.306108487662144,24.82142628406409,3,575.3671933642836,0.033929683043920474,Lima,App,Tarjeta,27,26-35,11,3,1,Oro,Bajo,1
Premium,17,38.66578981707377,38.57821349547689,7,657.3184268902542,0.030810868365652895,Provincia,App,Transferencia,30,26-35,35,1,1,Platino,Medio,0
Premium,12,90.42372949577644,34.321117952094845,10,1085.0847539493172,0.035146067384806634,Provincia,Web,Transferencia,35,26-35,25,1,1,Platino,Medio,0
Premium,7,41.046456263408004,38.88892035381072,6,287.325193843856,0.0313312687034327,Provincia,App,Billetera,28,26-35,44,2,0,Platino,Medio,0
Premium,11,60.62853693033216,33.07433452000049,8,666.9139062336537,0.03471470517040519,Lima,App,Tarjeta,40,36-50,32,2,1,Platino,Medio,0
Premium,12,73.378277453883,30.1675279544696,5,880.539329446596,0.035326923669498814,Provincia,App,Tarjeta,36,36-50,32,2,1,Platino,Medio,1
Premium,15,41.392431982981805,33.86817970684289,5,620.886479744727,0.03437898423948917,Lima,App,Tarjeta,27,26-35,28,1,1,Platino,Medio,1
Premium,8,55.342078623746744,26.289817738922032,9,442.73662898997395,0.0334741729473544,Lima,App,Tarjeta,31,26-35,29,3,1,Oro,Bajo,0
Premium,8,42.732580951179806,34.99714984697417,3,341.86064760943844,0.03241122271168603,Provincia,App,Billetera,36,36-50,34,2,0,Oro,Medio,1
Premium,13,60.4095417379779,26.397602886493,4,785.3240425937126,0.031539406197083855,Lima,Web,Billetera,40,36-50,39,3,1,Platino,Bajo,1
Premium,13,37.34741590914785,33.03521277156484,11,485.516406818922,0.05016327109946158,Provincia,App,Tarjeta,27,26-35,17,2,1,Oro,Bajo,1
Premium,10,54.805867584277124,28.894399781670003,6,548.0586758427712,0.03499311715351632,Lima,App,Billetera,35,26-35,22,3,0,Oro,Bajo,0
Premium,13,41.27011033110647,29.825373869042537,10,536.5114343043841,0.03352859260454264,Lima,App,Billetera,40,36-50,33,2,1,Platino,Bajo,1
Premium,13,47.930154109016314,32.03401090127116,2,623.092003417212,0.028156969155074096,Lima,App,Billetera,33,26-35,30,3,0,Platino,Bajo,0
Premium,15,39.68974724852693,23.72183190395666,5,595.3462087279039,0.03602306490942927,Lima,Web,Billetera,30,26-35,38,3,1,Platino,Bajo,1
Premium,9,58.223504708957535,27.85918607957555,3,524.0115423806178,0.031757736887376924,Lima,Web,Transferencia,49,36-50,23,4,0,Oro,Bajo,0
Premium,7,41.63019645560413,35.23605644311666,8,291.4113751892289,0.028180849303584773,Lima,App,Tarjeta,40,36-50,43,1,1,Platino,Alto,1
Premium,8,55.519642593318274,33.26554475166656,7,444.1571407465462,0.0369534204656786,Provincia,App,Billetera,32,26-35,25,3,1,Oro,Bajo,0
Premium,16,46.55901971737667,34.702747690941806,6,744.9443154780267,0.031073342534510107,Provincia,App,Tarjeta,36,36-50,27,2,1,Platino,Bajo,1
Premium,13,48.855276282011374,22.099963151759155,7,635.1185916661478,0.03497336926787838,Lima,Web,Tarjeta,35,26-35,41,3,1,Platino,Bajo,1
Premium,16,51.477559074001285,26.559411763429853,7,823.6409451840206,0.033914286447117206,Lima,Web,Tarjeta,30,26-35,36,3,1,Platino,Bajo,1
Premium,13,42.38175328341151,30.24218432898395,7,550.9627926843497,0.03497644817369354,Lima,Web,Transferencia,43,36-50,50,2,1,Platino,Bajo,0
Premium,20,52.10367113540887,22.409307764350938,8,1042.0734227081773,0.034716884411134,Lima,App,Tarjeta,48,36-50,39,3,1,Platino,Bajo,0
Premium,13,65.3033456435441,43.76688360781529,7,848.9434933660734,0.025532521300524594,Lima,Web,Billetera,45,36-50,43,1,1,Platino,Alto,1
Premium,14,42.219052141672854,29.822776570881842,4,591.0667299834199,0.02982104307103507,Lima,Web,Tarjeta,40,36-50,27,2,1,Platino,Bajo,1
Premium,9,61.71810143273845,27.56390380289989,12,555.462912894646,0.029150088149481664,Lima,App,Tarjeta,32,26-35,43,3,1,Platino,Bajo,0
Premium,18,64.98097633487784,33.237019803337674,7,1169.657574027801,0.030791987980655158,Provincia,App,Tarjeta,18,18-25,31,3,0,Platino,Bajo,0
Premium,8,41.83845010971956,23.015087337375277,7,334.7076008777565,0.03819530304531717,Lima,App,Tarjeta,48,36-50,8,3,1,Plata,Bajo,0
Premium,12,35.449453949094476,28.287507421203195,6,425.3934473891337,0.031070496120823986,Lima,Web,Tarjeta,33,26-35,35,2,1,Platino,Bajo,0
Premium,8,53.01960900171765,37.3260957672975,12,424.1568720137412,0.02922371111884955,Lima,Web,Tarjeta,45,36-50,36,2,1,Oro,Medio,1
Premium,9,44.52592477233127,29.583252320886647,5,400.73332295098146,0.03516198934305117,Lima,App,Tarjeta,43,36-50,19,3,1,Oro,Bajo,0
Premium,14,68.68603219163002,27.204734239806772,8,961.6044506828202,0.02950202354250378,Lima,App,Billetera,42,36-50,34,2,1,Platino,Medio,0
Premium,15,50.34807540499832,23.2078167319456,2,755.2211310749748,0.030199611614488933,Lima,Web,Tarjeta,27,26-35,31,3,1,Platino,Bajo,1
Premium,11,41.97800591964821,42.21556232916496,12,461.7580651161303,0.027355200615446586,Lima,App,Transferencia,43,36-50,42,2,0,Platino,Medio,1
Premium,10,38.528404889882886,24.800801221903583,3,385.28404889882887,0.0336172297601508,Lima,App,Tarjeta,31,26-35,34,3,1,Platino,Bajo,0
Premium,13,60.899049590908305,31.233059721416957,4,791.687644681808,0.03609174471287159,Lima,App,Tarjeta,34,26-35,30,3,1,Platino,Bajo,0
Premium,18,44.28816025915813,23.91573191811168,4,797.1868846648464,0.03342791687547824,Lima,App,Transferencia,34,26-35,17,3,1,Platino,Bajo,0
Premium,17,50.43828799460428,41.694039059165455,2,857.4508959082727,0.02832322568744603,Provincia,Web,Transferencia,33,26-35,10,2,1,Platino,Bajo,1
Premium,14,59.55802745112481,19.93171063819765,6,833.8123843157473,0.039192966100573746,Lima,App,Tarjeta,33,26-35,43,3,1,Platino,Bajo,0
Premium,8,45.157416480691694,29.590967025845664,10,361.25933184553355,0.040330918650002164,Lima,Web,Tarjeta,39,36-50,34,2,1,Oro,Medio,0
Premium,6,49.540711712598394,26.992125641339648,4,297.24427027559034,0.03198138853400474,Lima,App,Billetera,27,26-35,28,2,1,Oro,Medio,0
Premium,7,49.8343159017748,26.9209360639726,8,348.8402113124236,0.033701542772356305,Lima,App,Tarjeta,22,18-25,36,3,1,Oro,Bajo,1
Premium,15,56.83324511516092,27.405081240323252,6,852.4986767274138,0.032233958007988846,Lima,Web,Tarjeta,45,36-50,28,4,0,Platino,Bajo,1
Premium,7,55.907443355103254,28.82727491757293,4,391.35210348572275,0.02955437734256693,Lima,App,Tarjeta,37,36-50,10,3,1,Plata,Bajo,0
Premium,8,47.79886268745172,23.344320586355988,6,382.39090149961373,0.03408050064075467,Lima,App,Billetera,20,18-25,40,4,0,Platino,Bajo,1
Premium,16,95.3426394662176,22.70090777345475,9,1525.4822314594817,0.03939957799963033,Lima,Tienda,Efectivo,43,36-50,41,3,1,Platino,Bajo,0
Premium,14,46.282209884765116,33.437026030737485,2,647.9509383867116,0.026929901301745208,Lima,App,Tarjeta,34,26-35,27,1,1,Platino,Medio,1
Premium,14,35.223875930805555,45.412978754820095,7,493.1342630312778,0.0357036828200549,Provincia,App,Tarjeta,25,18-25,30,1,1,Platino,Alto,1
Premium,13,52.57600857398129,23.387410147026927,6,683.4881114617568,0.035941631120907015,Lima,Web,Tarjeta,34,26-35,24,3,1,Platino,Bajo,0
Premium,17,68.92191760833067,36.22511415620615,6,1171.6725993416214,0.02914503615733666,Lima,App,Tarjeta,38,36-50,48,3,0,Platino,Bajo,1
Premium,8,41.16280859308937,30.915690335807078,9,329.302468744715,0.0335047294158551,Lima,App,Tarjeta,27,26-35,42,2,1,Platino,Medio,0
Premium,9,42.26970290397297,27.207639926536846,4,380.42732613575674,0.032457173103272716,Lima,Web,Tarjeta,30,26-35,22,3,1,Oro,Bajo,1
Premium,7,41.29272228356258,27.221169334017265,3,289.0490559849381,0.030818188664948568,Lima,App,Tarjeta,30,26-35,36,2,1,Oro,Medio,1
Premium,18,57.24591778723123,38.38909467707673,5,1030.4265201701621,0.029196441542597068,Lima,Web,Billetera,30,26-35,21,2,1,Platino,Bajo,1
Premium,13,54.4848545419644,28.92607634714906,4,708.3031090455372,0.03333375787156837,Lima,App,Efectivo,26,26-35,22,3,1,Platino,Bajo,0
Premium,11,48.414623075835436,33.04290260470013,6,532.5608538341899,0.028121598678606613,Lima,Web,Billetera,29,26-35,26,3,1,Oro,Bajo,0
Premium,19,40.81980938361035,16.07886527826071,11,775.5763782885966,0.04066263760429863,Lima,App,Tarjeta,38,36-50,24,3,1,Platino,Bajo,0
Premium,9,50.92376791639924,27.95427004215005,10,458.3139112475932,0.030048653237050957,Lima,Web,Billetera,31,26-35,14,3,1,Oro,Bajo,0
Premium,13,34.353778726641956,40.55303437931489,8,446.5991234463454,0.035110612247831643,Provincia,Web,Billetera,47,36-50,43,2,0,Platino,Bajo,1
Premium,9,51.43426566857493,30.591528394109865,1,462.9083910171744,0.02847638744872561,Lima,App,Tarjeta,52,51+,32,2,1,Oro,Medio,0
Premium,13,58.71524386087934,29.265007927055887,5,763.2981701914314,0.031820650224784336,Lima,Web,Tarjeta,37,36-50,46,2,1,Platino,Bajo,0
Premium,16,37.48800863366322,29.491042490788978,5,599.8081381386115,0.03450502744678093,Provincia,App,Billetera,51,51+,28,3,1,Platino,Bajo,0
Premium,14,34.674817231703365,26.96515199186423,11,485.4474412438471,0.030313572739844887,Lima,Web,Billetera,42,36-50,15,3,1,Oro,Bajo,0
Premium,13,65.7943789169486,29.058388478871368,7,855.3269259203319,0.029691594851779815,Lima,Web,Billetera,39,36-50,40,2,1,Platino,Bajo,1
Premium,9,43.88240360495415,37.54128487095988,5,394.94163244458736,0.0303714282609491,Provincia,App,Transferencia,35,26-35,33,1,1,Oro,Alto,1
Premium,12,61.35947845943822,39.75866430843663,9,736.3137415132587,0.03582828199081859,Provincia,App,Tarjeta,19,18-25,27,1,1,Platino,Medio,1
Premium,21,48.460023348021686,21.831524104244227,6,1017.6604903084555,0.03384329695950595,Lima,App,Tarjeta,31,26-35,42,3,1,Platino,Bajo,1
Premium,10,48.38045183058672,26.97026232870452,5,483.8045183058672,0.03227078390128493,Lima,App,Tarjeta,26,26-35,17,3,1,Oro,Bajo,1
Premium,11,54.38412699496645,29.29452790367875,5,598.2253969446309,0.03238738311395415,Lima,App,Billetera,42,36-50,40,4,0,Platino,Bajo,1
Premium,13,41.1600114325356,27.842642320707384,2,535.0801486229627,0.03007587865111248,Lima,App,Billetera,49,36-50,37,2,1,Platino,Bajo,1
Premium,16,51.32497143495645,17.201659327143034,7,821.1995429593032,0.04007165404406019,Lima,App,Tarjeta,37,36-50,32,4,0,Platino,Bajo,1
Premium,6,46.185105851759076,35.96528236716623,11,277.1106351105544,0.031247088978557516,Provincia,Web,Tarjeta,40,36-50,15,2,0,Plata,Medio,0
Premium,7,36.795065565949685,35.58108134390429,6,257.5654589616478,0.033189450497576954,Lima,App,Tarjeta,43,36-50,39,1,1,Oro,Alto,1
Premium,18,53.37482074726399,24.5587372412034,9,960.7467734507518,0.035106814756019296,Lima,App,Tarjeta,36,36-50,37,4,0,Platino,Bajo,1
Premium,16,47.36692193122084,30.44041768601688,6,757.8707508995334,0.03475536089564104,Lima,App,Billetera,45,36-50,33,2,1,Platino,Bajo,0
Premium,14,48.429751715552925,27.851908921739096,11,678.016524017741,0.03294199668055531,Lima,Web,Tarjeta,57,51+,29,3,1,Platino,Bajo,0
Premium,8,37.89839056585842,17.805185328573483,5,303.18712452686736,0.04951292970804406,Lima,Web,Tarjeta,50,36-50,19,3,1,Oro,Bajo,1
Premium,13,65.91400367762805,33.617809970004885,5,856.8820478091645,0.03460670876825113,Provincia,App,Tarjeta,30,26-35,19,2,1,Platino,Medio,0
Premium,10,58.76714186386116,29.813698934146707,7,587.6714186386116,0.03524532709369332,Lima,Web,Tarjeta,45,36-50,22,3,1,Oro,Bajo,1
Premium,16,59.641558841719785,28.37837368680496,15,954.2649414675166,0.03067639961570466,Lima,Web,Tarjeta,33,26-35,14,3,1,Platino,Bajo,1
Premium,15,46.94555297558318,27.18770955899193,7,704.1832946337478,0.034985316720774026,Lima,Tienda,Tarjeta,38,36-50,15,3,1,Oro,Bajo,1
Premium,17,32.7081711049658,32.67525476439736,14,556.0389087844186,0.03294387241162547,Provincia,App,Tarjeta,48,36-50,26,1,1,Platino,Medio,1
Premium,13,69.52917382489511,45.36366824802076,1,903.8792597236364,0.028068733684262496,Provincia,App,Efectivo,27,26-35,17,1,1,Platino,Medio,0
Premium,11,135.56307379380095,41.02042019535412,1,1491.1938117318105,0.029426430700945624,Lima,App,Transferencia,32,26-35,28,2,1,Platino,Bajo,0
Premium,6,92.19105268446314,30.85981643081869,9,553.1463161067788,0.02966759166474513,Lima,App,Transferencia,44,36-50,31,3,1,Oro,Bajo,1
Premium,17,54.16801574483114,33.48944983666366,3,920.8562676621293,0.03389786532168623,Provincia,Web,Billetera,31,26-35,16,3,1,Platino,Bajo,1
Premium,9,61.67120788003297,35.593348884023165,5,555.0408709202968,0.030647492480987443,Lima,App,Billetera,20,18-25,38,3,0,Platino,Bajo,1
Premium,10,49.76949443914534,32.84652089943399,3,497.6949443914534,0.03300514491608296,Lima,Web,Billetera,26,26-35,40,4,0,Platino,Bajo,1
Premium,11,62.78575167939374,35.2015837268492,7,690.6432684733311,0.03288205954482073,Provincia,App,Tarjeta,30,26-35,8,2,1,Oro,Medio,1
Premium,8,60.82999938516868,40.37348417759109,6,486.63999508134947,0.031027902245436514,Provincia,App,Tarjeta,35,26-35,44,2,0,Platino,Medio,1
Premium,11,39.23618812597942,34.49359485356943,6,431.5980693857736,0.03423600059842945,Provincia,Tienda,Efectivo,38,36-50,36,2,1,Platino,Medio,1
Premium,14,43.262098943405235,32.71222757163842,8,605.6693852076733,0.02818567990917085,Lima,Tienda,Efectivo,36,36-50,31,3,1,Platino,Bajo,0
Premium,14,59.575371632797676,28.93440702839741,10,834.0552028591675,0.0327658188856975,Lima,Web,Billetera,39,36-50,45,2,1,Platino,Bajo,1
Premium,16,22.87387436189562,39.89020696373706,5,365.9819897903299,0.030436691929978166,Provincia,App,Transferencia,31,26-35,31,1,1,Platino,Medio,0
Premium,9,48.50544306835011,33.727032320017614,9,436.548987615151,0.028275104316671275,Lima,Tienda,Efectivo,34,26-35,22,1,1,Oro,Alto,1
Premium,13,35.69168798375328,29.69459116784963,9,463.9919437887927,0.029329847026520424,Lima,App,Efectivo,37,36-50,15,3,1,Oro,Bajo,0
Premium,11,45.23446198566475,19.24159848979627,7,497.57908184231223,0.03735072406083553,Lima,Web,Tarjeta,39,36-50,29,3,1,Oro,Bajo,1
Premium,16,47.01179910970796,27.34048231119438,5,752.1887857553273,0.030926539626451414,Lima,App,Billetera,43,36-50,29,3,1,Platino,Bajo,1
Premium,11,46.41755622092492,31.929999845631947,7,510.5931184301742,0.029804342079410268,Lima,Web,Billetera,54,51+,13,3,1,Oro,Bajo,0
Premium,9,44.477387478873915,39.54857881463865,11,400.29648730986526,0.02969510044874948,Provincia,Web,Billetera,21,18-25,26,1,1,Oro,Medio,0
Premium,12,39.02856350371186,34.76655459957494,4,468.34276204454227,0.036153138987606144,Lima,Web,Tarjeta,42,36-50,45,2,1,Platino,Bajo,0
Premium,15,72.91911266818687,23.578930620368336,2,1093.786690022803,0.034448435756670316,Lima,Web,Tarjeta,39,36-50,35,3,1,Platino,Bajo,1
Premium,14,68.67462004161351,31.865243901535806,10,961.4446805825892,0.0294258937155905,Lima,Web,Tarjeta,48,36-50,17,2,0,Platino,Bajo,1
Premium,12,38.37934179743717,28.630207142749295,1,460.552101569246,0.034825345283793586,Provincia,App,Tarjeta,31,26-35,33,4,0,Platino,Bajo,1
Premium,12,65.82116751303568,33.973673267868,5,789.8540101564281,0.03322158496883533,Lima,Web,Tarjeta,35,26-35,37,3,1,Platino,Bajo,0
Premium,18,46.00534509527147,32.152301604995344,8,828.0962117148865,0.02798954400207758,Lima,App,Billetera,25,18-25,40,1,1,Platino,Medio,0
Premium,20,51.2918747333171,26.567307833618095,2,1025.837494666342,0.032407975185842465,Lima,App,Tarjeta,43,36-50,36,3,1,Platino,Bajo,1
Premium,13,49.36726040103084,32.18787481836864,9,641.7743852134009,0.034698514478471575,Lima,Web,Tarjeta,39,36-50,42,2,1,Platino,Medio,1
Premium,7,43.40251358746034,23.231110089706462,6,303.81759511222236,0.03525204586969394,Lima,Web,Tarjeta,47,36-50,38,3,1,Oro,Bajo,0
Premium,7,59.838523436061465,27.172332086177033,7,418.86966405243027,0.031251798942658164,Lima,App,Tarjeta,32,26-35,28,3,1,Oro,Bajo,0
Premium,11,51.25886530576658,33.21778642274138,7,563.8475183634323,0.03703627439901211,Provincia,App,Billetera,30,26-35,33,1,1,Platino,Medio,1
Premium,9,45.234485767807584,26.12293195388157,9,407.11037191026827,0.033049119598565074,Lima,App,Tarjeta,41,36-50,28,3,1,Oro,Bajo,1
Premium,11,36.95410556199528,28.192330451143647,11,406.49516118194805,0.0312503011699239,Lima,Web,Billetera,35,26-35,34,3,0,Platino,Bajo,1
Premium,14,41.064049862808794,39.18793421763902,7,574.8966980793231,0.028655389302852486,Lima,App,Tarjeta,40,36-50,37,1,1,Platino,Medio,1
Premium,12,54.85335675906326,28.71161478668894,7,658.2402811087591,0.030300602360653954,Lima,App,Billetera,39,36-50,29,3,0,Platino,Bajo,0
Premium,10,50.122235484151695,33.18175807297493,3,501.22235484151696,0.03465267064716782,Lima,App,Tarjeta,36,36-50,33,3,0,Platino,Bajo,0
Premium,8,38.033344077156045,40.25879555625405,9,304.26675261724836,0.028955915180071064,Provincia,App,Transferencia,30,26-35,25,1,1,Oro,Alto,0
Premium,9,47.34439487481459,24.45593400339481,2,426.09955387333133,0.03322098562152868,Lima,Web,Tarjeta,41,36-50,27,3,1,Oro,Bajo,0
Premium,15,63.70101853610371,23.025591000132117,6,955.5152780415557,0.03663957777223538,Lima,Tienda,Efectivo,34,26-35,29,3,1,Platino,Bajo,1
Premium,6,61.992995729215856,26.05249655614175,8,371.9579743752951,0.03280422747264985,Lima,App,Transferencia,36,36-50,24,2,1,Oro,Medio,1
Premium,11,49.677231058973824,40.96867467711689,3,546.449541648712,0.028316974180398073,Provincia,App,Tarjeta,48,36-50,43,1,1,Platino,Medio,1
Premium,14,49.1291527385685,35.89749521655759,5,687.808138339959,0.031750345609856324,Lima,Web,Tarjeta,48,36-50,36,1,1,Platino,Alto,0
Premium,9,68.79874549421008,29.03957365324596,5,619.1887094478907,0.03221902172075879,Lima,Web,Billetera,34,26-35,37,3,0,Platino,Bajo,1
Premium,11,55.20756120358711,30.596650164789416,3,607.2831732394583,0.027846128471589262,Lima,App,Tarjeta,37,36-50,36,3,0,Platino,Bajo,0
Premium,21,46.721935401234774,26.79892974682805,3,981.1606434259303,0.037444859459851286,Lima,App,Billetera,31,26-35,32,3,1,Platino,Bajo,1
Premium,10,35.73981882879548,25.144997121249872,7,357.3981882879548,0.03684163628756976,Lima,Tienda,Efectivo,42,36-50,18,3,1,Oro,Bajo,1
Premium,8,53.93873218164743,32.504052667758465,7,431.50985745317945,0.03823731983725005,Lima,Web,Tarjeta,31,26-35,41,2,1,Platino,Medio,1
Premium,15,58.293237725828625,29.243051027319744,7,874.3985658874294,0.03113524273476829,Lima,Web,Tarjeta,33,26-35,51,3,1,Platino,Bajo,0
Premium,10,43.683484754863564,35.34312954516046,5,436.83484754863565,0.03174655643966675,Provincia,App,Billetera,50,36-50,37,1,1,Platino,Medio,1
Premium,11,52.912027551380326,42.10772696040308,5,582.0323030651836,0.028067647103496265,Provincia,Web,Tarjeta,39,36-50,22,2,0,Oro,Medio,0
Premium,11,46.36426705084971,27.82066334168391,7,510.00693755934685,0.03151549318066146,Lima,Web,Tarjeta,34,26-35,36,3,1,Platino,Bajo,1
Premium,12,48.159676008009974,34.92514725082945,9,577.9161120961197,0.03357109668484705,Provincia,Web,Transferencia,21,18-25,22,1,1,Oro,Medio,1
Premium,17,25.121779424376687,29.690033985015422,10,427.0702502144037,0.03225246234807219,Lima,Tienda,Tarjeta,41,36-50,25,3,1,Platino,Bajo,1
Premium,15,47.782185962838646,37.94365818065606,12,716.7327894425797,0.03189475012582884,Provincia,App,Billetera,52,51+,6,1,1,Oro,Medio,0
Premium,10,59.693693024080545,28.92019695069688,7,596.9369302408054,0.03848416096109169,Lima,Web,Tarjeta,33,26-35,44,3,0,Platino,Bajo,1
Premium,4,43.68597444433442,36.42557777363901,8,174.74389777733768,0.025555189734175636,Lima,App,Tarjeta,32,26-35,33,2,0,Oro,Medio,1
Premium,12,50.52526368215316,29.03486348029111,10,606.3031641858379,0.030712895707086987,Lima,Web,Tarjeta,38,36-50,36,2,1,Platino,Bajo,1
Premium,13,42.4404929330808,26.073899414937397,3,551.7264081300503,0.031615529940322136,Lima,Web,Tarjeta,33,26-35,38,2,1,Platino,Bajo,1
Premium,21,53.60441676292773,27.605796521401896,4,1125.6927520214822,0.030445578389751114,Lima,Web,Tarjeta,56,51+,35,4,0,Platino,Bajo,1
Premium,8,47.834768024638265,37.2294027748099,7,382.6781441971061,0.030185733170797934,Lima,App,Transferencia,43,36-50,40,1,1,Platino,Alto,0
Premium,12,40.60758459317993,34.47553508850558,6,487.2910151181592,0.03270288756450176,Lima,App,Billetera,41,36-50,44,2,0,Platino,Medio,0
Premium,6,63.32551467665128,23.612175383188294,6,379.9530880599077,0.03435685072475619,Lima,App,Transferencia,52,51+,30,3,1,Oro,Bajo,1
Premium,12,59.28932013532215,27.762999271582867,5,711.4718416238658,0.030489336726497507,Lima,App,Tarjeta,49,36-50,13,3,1,Oro,Bajo,0
Premium,12,43.950932360718255,28.663618798573207,8,527.4111883286191,0.031097300088198904,Lima,App,Tarjeta,36,36-50,22,3,1,Oro,Bajo,0
Premium,14,54.97788309417778,25.39646564442905,7,769.6903633184888,0.03500134616592766,Lima,Web,Billetera,36,36-50,36,3,0,Platino,Bajo,1
Premium,12,55.374120028203805,32.71002629349992,8,664.4894403384457,0.028363075980833694,Lima,App,Tarjeta,33,26-35,20,2,1,Oro,Bajo,0
Premium,13,56.42301235011176,34.67781545294596,6,733.4991605514529,0.03136757340018187,Lima,App,Tarjeta,31,26-35,29,2,1,Platino,Medio,1
Premium,11,33.05744104004923,29.095362613088014,7,363.6318514405415,0.030130049047038508,Lima,Web,Tarjeta,36,36-50,55,4,0,Platino,Bajo,0
Premium,7,60.06606541032628,34.71615970894114,6,420.46245787228395,0.028428665771353136,Provincia,Web,Tarjeta,34,26-35,40,2,1,Platino,Medio,0
Premium,12,44.30301037074268,27.35630580937098,9,531.6361244489121,0.03218987756709187,Lima,App,Tarjeta,26,26-35,10,3,0,Oro,Bajo,1
Premium,11,46.42172066558733,31.35952581193381,4,510.63892732146064,0.031298065984342704,Lima,App,Billetera,18,18-25,53,2,1,Platino,Bajo,1
